{
    "schemaVersion": null,
    "dashboardFormatVersion": "4.0",
    "name": "Health Rules Servicios",
    "description": null,
    "properties": null,
    "templateEntityType": "APPLICATION_COMPONENT_NODE",
    "associatedEntityTemplates": null,
    "minutesBeforeAnchorTime": -1,
    "startDate": null,
    "endDate": null,
    "refreshInterval": 120000,
    "backgroundColor": 15856629,
    "color": 15856629,
    "height": 1220,
    "width": 2848,
    "canvasType": "CANVAS_TYPE_ABSOLUTE",
    "layoutType": "",
    "widgetTemplates": [
        {
            "widgetType": "AnalyticsWidget",
            "title": "GiftCardPE3",
            "height": 171,
            "width": 603,
            "minHeight": 0,
            "minWidth": 0,
            "x": 0,
            "y": 2,
            "label": "",
            "description": "",
            "drillDownUrl": "",
            "useMetricBrowserAsDrillDown": false,
            "drillDownActionType": null,
            "backgroundColor": 16777215,
            "backgroundColors": null,
            "backgroundColorsStr": null,
            "color": 0,
            "fontSize": 0,
            "useAutomaticFontSize": false,
            "borderEnabled": false,
            "borderThickness": 0,
            "borderColor": 0,
            "backgroundAlpha": 1,
            "showValues": false,
            "formatNumber": true,
            "numDecimals": 2,
            "removeZeros": true,
            "compactMode": false,
            "showTimeRange": false,
            "renderIn3D": false,
            "showLegend": false,
            "legendPosition": null,
            "legendColumnCount": null,
            "startTime": null,
            "endTime": null,
            "minutesBeforeAnchorTime": 0,
            "isGlobal": true,
            "propertiesMap": null,
            "dataSeriesTemplates": null,
            "adqlQueryList": [
                "SELECT * FROM "
            ],
            "analyticsWidgetType": "BJ",
            "searchMode": null,
            "isStackingEnabled": null,
            "legendsLayout": null,
            "maxAllowedYAxisFields": 0,
            "maxAllowedXAxisFields": 0,
            "min": null,
            "interval": null,
            "max": null,
            "intervalType": null,
            "maxType": null,
            "minType": null,
            "showMinExtremes": null,
            "showMaxExtremes": null,
            "displayPercentileMarkers": null,
            "percentileValue1": null,
            "percentileValue2": null,
            "percentileValue3": null,
            "percentileValue4": null,
            "isShowLogYAxis": null,
            "resolution": null,
            "dataFetchSize": null,
            "percentileLine": null,
            "timeRangeInterval": null,
            "pollingInterval": null,
            "unit": null,
            "isRawQuery": null,
            "viewState": null,
            "gridState": null,
            "slmConfigId": null,
            "bjId": "AXQnh4nzVOgAe-T2b5cf",
            "showInverse": false,
            "showHealth": false,
            "align": "center",
            "compareToOption": null,
            "trailingPeriod": null,
            "trailingPeriodUnit": null,
            "isIncreaseGood": null,
            "numberFormatOption": null,
            "showUnivariateLabel": true
        },
        {
            "widgetType": "AnalyticsWidget",
            "title": "CorresponsaliasPE6",
            "height": 175,
            "width": 601,
            "minHeight": 0,
            "minWidth": 0,
            "x": 0,
            "y": 200,
            "label": "",
            "description": "",
            "drillDownUrl": "",
            "useMetricBrowserAsDrillDown": false,
            "drillDownActionType": null,
            "backgroundColor": 16777215,
            "backgroundColors": null,
            "backgroundColorsStr": null,
            "color": 0,
            "fontSize": 0,
            "useAutomaticFontSize": false,
            "borderEnabled": false,
            "borderThickness": 0,
            "borderColor": 0,
            "backgroundAlpha": 1,
            "showValues": false,
            "formatNumber": true,
            "numDecimals": 2,
            "removeZeros": true,
            "compactMode": false,
            "showTimeRange": false,
            "renderIn3D": false,
            "showLegend": false,
            "legendPosition": null,
            "legendColumnCount": null,
            "startTime": null,
            "endTime": null,
            "minutesBeforeAnchorTime": 0,
            "isGlobal": true,
            "propertiesMap": null,
            "dataSeriesTemplates": null,
            "adqlQueryList": [
                "SELECT * FROM "
            ],
            "analyticsWidgetType": "BJ",
            "searchMode": null,
            "isStackingEnabled": null,
            "legendsLayout": null,
            "maxAllowedYAxisFields": 0,
            "maxAllowedXAxisFields": 0,
            "min": null,
            "interval": null,
            "max": null,
            "intervalType": null,
            "maxType": null,
            "minType": null,
            "showMinExtremes": null,
            "showMaxExtremes": null,
            "displayPercentileMarkers": null,
            "percentileValue1": null,
            "percentileValue2": null,
            "percentileValue3": null,
            "percentileValue4": null,
            "isShowLogYAxis": null,
            "resolution": null,
            "dataFetchSize": null,
            "percentileLine": null,
            "timeRangeInterval": null,
            "pollingInterval": null,
            "unit": null,
            "isRawQuery": null,
            "viewState": null,
            "gridState": null,
            "slmConfigId": null,
            "bjId": "AXPf67hWVOgAe-T2M5Fn",
            "showInverse": false,
            "showHealth": false,
            "align": "center",
            "compareToOption": null,
            "trailingPeriod": null,
            "trailingPeriodUnit": null,
            "isIncreaseGood": null,
            "numberFormatOption": null,
            "showUnivariateLabel": true
        },
        {
            "widgetType": "AnalyticsWidget",
            "title": "CorrelacionTDCPE2",
            "height": 171,
            "width": 602,
            "minHeight": 0,
            "minWidth": 0,
            "x": 0,
            "y": 401,
            "label": "",
            "description": "",
            "drillDownUrl": "",
            "useMetricBrowserAsDrillDown": false,
            "drillDownActionType": null,
            "backgroundColor": 16777215,
            "backgroundColors": null,
            "backgroundColorsStr": null,
            "color": 0,
            "fontSize": 0,
            "useAutomaticFontSize": false,
            "borderEnabled": false,
            "borderThickness": 0,
            "borderColor": 0,
            "backgroundAlpha": 1,
            "showValues": false,
            "formatNumber": true,
            "numDecimals": 2,
            "removeZeros": true,
            "compactMode": false,
            "showTimeRange": false,
            "renderIn3D": false,
            "showLegend": false,
            "legendPosition": null,
            "legendColumnCount": null,
            "startTime": null,
            "endTime": null,
            "minutesBeforeAnchorTime": 0,
            "isGlobal": true,
            "propertiesMap": null,
            "dataSeriesTemplates": null,
            "adqlQueryList": [
                "SELECT * FROM "
            ],
            "analyticsWidgetType": "BJ",
            "searchMode": null,
            "isStackingEnabled": null,
            "legendsLayout": null,
            "maxAllowedYAxisFields": 0,
            "maxAllowedXAxisFields": 0,
            "min": null,
            "interval": null,
            "max": null,
            "intervalType": null,
            "maxType": null,
            "minType": null,
            "showMinExtremes": null,
            "showMaxExtremes": null,
            "displayPercentileMarkers": null,
            "percentileValue1": null,
            "percentileValue2": null,
            "percentileValue3": null,
            "percentileValue4": null,
            "isShowLogYAxis": null,
            "resolution": null,
            "dataFetchSize": null,
            "percentileLine": null,
            "timeRangeInterval": null,
            "pollingInterval": null,
            "unit": null,
            "isRawQuery": null,
            "viewState": null,
            "gridState": null,
            "slmConfigId": null,
            "bjId": "AXRbidlhVOgAe-T2Pg7z",
            "showInverse": false,
            "showHealth": false,
            "align": "center",
            "compareToOption": null,
            "trailingPeriod": null,
            "trailingPeriodUnit": null,
            "isIncreaseGood": null,
            "numberFormatOption": null,
            "showUnivariateLabel": true
        },
        {
            "widgetType": "AnalyticsWidget",
            "title": "TAEPE1",
            "height": 166,
            "width": 601,
            "minHeight": 0,
            "minWidth": 0,
            "x": 0,
            "y": 601,
            "label": "",
            "description": "",
            "drillDownUrl": "",
            "useMetricBrowserAsDrillDown": false,
            "drillDownActionType": null,
            "backgroundColor": 16777215,
            "backgroundColors": null,
            "backgroundColorsStr": null,
            "color": 0,
            "fontSize": 0,
            "useAutomaticFontSize": false,
            "borderEnabled": false,
            "borderThickness": 0,
            "borderColor": 0,
            "backgroundAlpha": 1,
            "showValues": false,
            "formatNumber": true,
            "numDecimals": 2,
            "removeZeros": true,
            "compactMode": false,
            "showTimeRange": false,
            "renderIn3D": false,
            "showLegend": false,
            "legendPosition": null,
            "legendColumnCount": null,
            "startTime": null,
            "endTime": null,
            "minutesBeforeAnchorTime": 0,
            "isGlobal": true,
            "propertiesMap": null,
            "dataSeriesTemplates": null,
            "adqlQueryList": [
                "SELECT * FROM "
            ],
            "analyticsWidgetType": "BJ",
            "searchMode": null,
            "isStackingEnabled": null,
            "legendsLayout": null,
            "maxAllowedYAxisFields": 0,
            "maxAllowedXAxisFields": 0,
            "min": null,
            "interval": null,
            "max": null,
            "intervalType": null,
            "maxType": null,
            "minType": null,
            "showMinExtremes": null,
            "showMaxExtremes": null,
            "displayPercentileMarkers": null,
            "percentileValue1": null,
            "percentileValue2": null,
            "percentileValue3": null,
            "percentileValue4": null,
            "isShowLogYAxis": null,
            "resolution": null,
            "dataFetchSize": null,
            "percentileLine": null,
            "timeRangeInterval": null,
            "pollingInterval": null,
            "unit": null,
            "isRawQuery": null,
            "viewState": null,
            "gridState": null,
            "slmConfigId": null,
            "bjId": "AXSc6NpUVOgAe-T2UNdL",
            "showInverse": false,
            "showHealth": false,
            "align": "center",
            "compareToOption": null,
            "trailingPeriod": null,
            "trailingPeriodUnit": null,
            "isIncreaseGood": null,
            "numberFormatOption": null,
            "showUnivariateLabel": true
        },
        {
            "widgetType": "AnalyticsWidget",
            "title": "GiftCardPE3_COL",
            "height": 175,
            "width": 599,
            "minHeight": 0,
            "minWidth": 0,
            "x": 0,
            "y": 799,
            "label": "",
            "description": "",
            "drillDownUrl": "",
            "useMetricBrowserAsDrillDown": false,
            "drillDownActionType": null,
            "backgroundColor": 16777215,
            "backgroundColors": null,
            "backgroundColorsStr": null,
            "color": 0,
            "fontSize": 0,
            "useAutomaticFontSize": false,
            "borderEnabled": false,
            "borderThickness": 0,
            "borderColor": 0,
            "backgroundAlpha": 1,
            "showValues": false,
            "formatNumber": true,
            "numDecimals": 2,
            "removeZeros": true,
            "compactMode": false,
            "showTimeRange": false,
            "renderIn3D": false,
            "showLegend": false,
            "legendPosition": null,
            "legendColumnCount": null,
            "startTime": null,
            "endTime": null,
            "minutesBeforeAnchorTime": 0,
            "isGlobal": true,
            "propertiesMap": null,
            "dataSeriesTemplates": null,
            "adqlQueryList": [
                "SELECT * FROM "
            ],
            "analyticsWidgetType": "BJ",
            "searchMode": null,
            "isStackingEnabled": null,
            "legendsLayout": null,
            "maxAllowedYAxisFields": 0,
            "maxAllowedXAxisFields": 0,
            "min": null,
            "interval": null,
            "max": null,
            "intervalType": null,
            "maxType": null,
            "minType": null,
            "showMinExtremes": null,
            "showMaxExtremes": null,
            "displayPercentileMarkers": null,
            "percentileValue1": null,
            "percentileValue2": null,
            "percentileValue3": null,
            "percentileValue4": null,
            "isShowLogYAxis": null,
            "resolution": null,
            "dataFetchSize": null,
            "percentileLine": null,
            "timeRangeInterval": null,
            "pollingInterval": null,
            "unit": null,
            "isRawQuery": null,
            "viewState": null,
            "gridState": null,
            "slmConfigId": null,
            "bjId": "AXQimuM_VOgAe-T2PGv_",
            "showInverse": false,
            "showHealth": false,
            "align": "center",
            "compareToOption": null,
            "trailingPeriod": null,
            "trailingPeriodUnit": null,
            "isIncreaseGood": null,
            "numberFormatOption": null,
            "showUnivariateLabel": true
        },
        {
            "widgetType": "AnalyticsWidget",
            "title": "TAEPE1_COL",
            "height": 171,
            "width": 597,
            "minHeight": 0,
            "minWidth": 0,
            "x": 2,
            "y": 999,
            "label": "",
            "description": "",
            "drillDownUrl": "",
            "useMetricBrowserAsDrillDown": false,
            "drillDownActionType": null,
            "backgroundColor": 16777215,
            "backgroundColors": null,
            "backgroundColorsStr": null,
            "color": 0,
            "fontSize": 0,
            "useAutomaticFontSize": false,
            "borderEnabled": false,
            "borderThickness": 0,
            "borderColor": 0,
            "backgroundAlpha": 1,
            "showValues": false,
            "formatNumber": true,
            "numDecimals": 2,
            "removeZeros": true,
            "compactMode": false,
            "showTimeRange": false,
            "renderIn3D": false,
            "showLegend": false,
            "legendPosition": null,
            "legendColumnCount": null,
            "startTime": null,
            "endTime": null,
            "minutesBeforeAnchorTime": 0,
            "isGlobal": true,
            "propertiesMap": null,
            "dataSeriesTemplates": null,
            "adqlQueryList": [
                "SELECT * FROM "
            ],
            "analyticsWidgetType": "BJ",
            "searchMode": null,
            "isStackingEnabled": null,
            "legendsLayout": null,
            "maxAllowedYAxisFields": 0,
            "maxAllowedXAxisFields": 0,
            "min": null,
            "interval": null,
            "max": null,
            "intervalType": null,
            "maxType": null,
            "minType": null,
            "showMinExtremes": null,
            "showMaxExtremes": null,
            "displayPercentileMarkers": null,
            "percentileValue1": null,
            "percentileValue2": null,
            "percentileValue3": null,
            "percentileValue4": null,
            "isShowLogYAxis": null,
            "resolution": null,
            "dataFetchSize": null,
            "percentileLine": null,
            "timeRangeInterval": null,
            "pollingInterval": null,
            "unit": null,
            "isRawQuery": null,
            "viewState": null,
            "gridState": null,
            "slmConfigId": null,
            "bjId": "AXSc8vEzVOgAe-T2Ub1p",
            "showInverse": false,
            "showHealth": false,
            "align": "center",
            "compareToOption": null,
            "trailingPeriod": null,
            "trailingPeriodUnit": null,
            "isIncreaseGood": null,
            "numberFormatOption": null,
            "showUnivariateLabel": true
        },
        {
            "widgetType": "EventListWidget",
            "title": "Autenticacion de Cajeros",
            "height": 374,
            "width": 694,
            "minHeight": 0,
            "minWidth": 0,
            "x": 626,
            "y": 0,
            "label": null,
            "description": null,
            "drillDownUrl": null,
            "useMetricBrowserAsDrillDown": true,
            "drillDownActionType": null,
            "backgroundColor": 16777215,
            "backgroundColors": null,
            "backgroundColorsStr": "16777215,16777215",
            "color": 1646891,
            "fontSize": 12,
            "useAutomaticFontSize": false,
            "borderEnabled": false,
            "borderThickness": 0,
            "borderColor": 14408667,
            "backgroundAlpha": 1,
            "showValues": false,
            "formatNumber": null,
            "numDecimals": 0,
            "removeZeros": null,
            "compactMode": false,
            "showTimeRange": false,
            "renderIn3D": false,
            "showLegend": null,
            "legendPosition": null,
            "legendColumnCount": null,
            "startTime": null,
            "endTime": null,
            "minutesBeforeAnchorTime": 15,
            "isGlobal": true,
            "propertiesMap": null,
            "dataSeriesTemplates": null,
            "useTimeline": false,
            "eventFilterTemplate": {
                "applicationName": "Autenticacion de Cajeros",
                "healthRuleNames": null,
                "eventTypes": [
                    "POLICY_OPEN_WARNING",
                    "POLICY_OPEN_CRITICAL",
                    "ANOMALY_OPEN_WARNING",
                    "ANOMALY_OPEN_CRITICAL",
                    "DEADLOCK",
                    "RESOURCE_POOL_LIMIT",
                    "APPLICATION_DEPLOYMENT",
                    "APP_SERVER_RESTART",
                    "CLR_CRASH",
                    "APPLICATION_CONFIG_CHANGE",
                    "APPLICATION_CRASH",
                    "LICENSE",
                    "DISK_SPACE",
                    "CONTROLLER_AGENT_VERSION_INCOMPATIBILITY",
                    "AGENT_CONFIGURATION_ERROR",
                    "DEV_MODE_CONFIG_UPDATE",
                    "CONTROLLER_METRIC_REG_LIMIT_REACHED",
                    "APPLICATION_CRASH",
                    "APPLICATION_DISCOVERED",
                    "TIER_DISCOVERED",
                    "NODE_DISCOVERED",
                    "MACHINE_DISCOVERED",
                    "BT_DISCOVERED",
                    "SERVICE_ENDPOINT_DISCOVERED",
                    "BACKEND_DISCOVERED"
                ],
                "rsdTypes": null,
                "customEventFilters": null,
                "specificEntityNamesByType": null
            },
            "showSearchBox": false
        },
        {
            "widgetType": "EventListWidget",
            "title": "Corresponsalias",
            "height": 374,
            "width": 692,
            "minHeight": 0,
            "minWidth": 0,
            "x": 627,
            "y": 400,
            "label": null,
            "description": null,
            "drillDownUrl": null,
            "useMetricBrowserAsDrillDown": true,
            "drillDownActionType": null,
            "backgroundColor": 16777215,
            "backgroundColors": null,
            "backgroundColorsStr": "16777215,16777215",
            "color": 1646891,
            "fontSize": 12,
            "useAutomaticFontSize": false,
            "borderEnabled": false,
            "borderThickness": 0,
            "borderColor": 14408667,
            "backgroundAlpha": 1,
            "showValues": false,
            "formatNumber": null,
            "numDecimals": 0,
            "removeZeros": null,
            "compactMode": false,
            "showTimeRange": false,
            "renderIn3D": false,
            "showLegend": null,
            "legendPosition": null,
            "legendColumnCount": null,
            "startTime": null,
            "endTime": null,
            "minutesBeforeAnchorTime": 15,
            "isGlobal": true,
            "propertiesMap": null,
            "dataSeriesTemplates": null,
            "useTimeline": false,
            "eventFilterTemplate": {
                "applicationName": "Corresponsalias",
                "healthRuleNames": null,
                "eventTypes": [
                    "POLICY_OPEN_WARNING",
                    "POLICY_OPEN_CRITICAL",
                    "ANOMALY_OPEN_WARNING",
                    "ANOMALY_OPEN_CRITICAL",
                    "DEADLOCK",
                    "RESOURCE_POOL_LIMIT",
                    "APPLICATION_DEPLOYMENT",
                    "APP_SERVER_RESTART",
                    "CLR_CRASH",
                    "APPLICATION_CONFIG_CHANGE",
                    "APPLICATION_CRASH",
                    "LICENSE",
                    "DISK_SPACE",
                    "CONTROLLER_AGENT_VERSION_INCOMPATIBILITY",
                    "AGENT_CONFIGURATION_ERROR",
                    "DEV_MODE_CONFIG_UPDATE",
                    "CONTROLLER_METRIC_REG_LIMIT_REACHED",
                    "APPLICATION_CRASH",
                    "APPLICATION_DISCOVERED",
                    "TIER_DISCOVERED",
                    "NODE_DISCOVERED",
                    "MACHINE_DISCOVERED",
                    "BT_DISCOVERED",
                    "SERVICE_ENDPOINT_DISCOVERED",
                    "BACKEND_DISCOVERED"
                ],
                "rsdTypes": null,
                "customEventFilters": null,
                "specificEntityNamesByType": null
            },
            "showSearchBox": false
        },
        {
            "widgetType": "EventListWidget",
            "title": "Reversas",
            "height": 376,
            "width": 692,
            "minHeight": 0,
            "minWidth": 0,
            "x": 627,
            "y": 800,
            "label": null,
            "description": null,
            "drillDownUrl": null,
            "useMetricBrowserAsDrillDown": true,
            "drillDownActionType": null,
            "backgroundColor": 16777215,
            "backgroundColors": null,
            "backgroundColorsStr": "16777215,16777215",
            "color": 1646891,
            "fontSize": 12,
            "useAutomaticFontSize": false,
            "borderEnabled": false,
            "borderThickness": 0,
            "borderColor": 14408667,
            "backgroundAlpha": 1,
            "showValues": false,
            "formatNumber": null,
            "numDecimals": 0,
            "removeZeros": null,
            "compactMode": false,
            "showTimeRange": false,
            "renderIn3D": false,
            "showLegend": null,
            "legendPosition": null,
            "legendColumnCount": null,
            "startTime": null,
            "endTime": null,
            "minutesBeforeAnchorTime": 15,
            "isGlobal": true,
            "propertiesMap": null,
            "dataSeriesTemplates": null,
            "useTimeline": false,
            "eventFilterTemplate": {
                "applicationName": "Reversas",
                "healthRuleNames": null,
                "eventTypes": [
                    "POLICY_OPEN_WARNING",
                    "POLICY_OPEN_CRITICAL",
                    "ANOMALY_OPEN_WARNING",
                    "ANOMALY_OPEN_CRITICAL",
                    "DEADLOCK",
                    "RESOURCE_POOL_LIMIT",
                    "APPLICATION_DEPLOYMENT",
                    "APP_SERVER_RESTART",
                    "CLR_CRASH",
                    "APPLICATION_CONFIG_CHANGE",
                    "APPLICATION_CRASH",
                    "LICENSE",
                    "DISK_SPACE",
                    "CONTROLLER_AGENT_VERSION_INCOMPATIBILITY",
                    "AGENT_CONFIGURATION_ERROR",
                    "DEV_MODE_CONFIG_UPDATE",
                    "CONTROLLER_METRIC_REG_LIMIT_REACHED",
                    "APPLICATION_CRASH",
                    "APPLICATION_DISCOVERED",
                    "TIER_DISCOVERED",
                    "NODE_DISCOVERED",
                    "MACHINE_DISCOVERED",
                    "BT_DISCOVERED",
                    "SERVICE_ENDPOINT_DISCOVERED",
                    "BACKEND_DISCOVERED"
                ],
                "rsdTypes": null,
                "customEventFilters": null,
                "specificEntityNamesByType": null
            },
            "showSearchBox": false
        },
        {
            "widgetType": "EventListWidget",
            "title": "Switch",
            "height": 374,
            "width": 679,
            "minHeight": 0,
            "minWidth": 0,
            "x": 1348,
            "y": 0,
            "label": null,
            "description": null,
            "drillDownUrl": null,
            "useMetricBrowserAsDrillDown": true,
            "drillDownActionType": null,
            "backgroundColor": 16777215,
            "backgroundColors": null,
            "backgroundColorsStr": "16777215,16777215",
            "color": 1646891,
            "fontSize": 12,
            "useAutomaticFontSize": false,
            "borderEnabled": false,
            "borderThickness": 0,
            "borderColor": 14408667,
            "backgroundAlpha": 1,
            "showValues": false,
            "formatNumber": null,
            "numDecimals": 0,
            "removeZeros": null,
            "compactMode": false,
            "showTimeRange": false,
            "renderIn3D": false,
            "showLegend": null,
            "legendPosition": null,
            "legendColumnCount": null,
            "startTime": null,
            "endTime": null,
            "minutesBeforeAnchorTime": 15,
            "isGlobal": true,
            "propertiesMap": null,
            "dataSeriesTemplates": null,
            "useTimeline": false,
            "eventFilterTemplate": {
                "applicationName": "Switch",
                "healthRuleNames": null,
                "eventTypes": [
                    "POLICY_OPEN_WARNING",
                    "POLICY_OPEN_CRITICAL",
                    "ANOMALY_OPEN_WARNING",
                    "ANOMALY_OPEN_CRITICAL",
                    "DEADLOCK",
                    "RESOURCE_POOL_LIMIT",
                    "APPLICATION_DEPLOYMENT",
                    "APP_SERVER_RESTART",
                    "CLR_CRASH",
                    "APPLICATION_CONFIG_CHANGE",
                    "APPLICATION_CRASH",
                    "LICENSE",
                    "DISK_SPACE",
                    "CONTROLLER_AGENT_VERSION_INCOMPATIBILITY",
                    "AGENT_CONFIGURATION_ERROR",
                    "DEV_MODE_CONFIG_UPDATE",
                    "CONTROLLER_METRIC_REG_LIMIT_REACHED",
                    "APPLICATION_CRASH",
                    "APPLICATION_DISCOVERED",
                    "TIER_DISCOVERED",
                    "NODE_DISCOVERED",
                    "MACHINE_DISCOVERED",
                    "BT_DISCOVERED",
                    "SERVICE_ENDPOINT_DISCOVERED",
                    "BACKEND_DISCOVERED"
                ],
                "rsdTypes": null,
                "customEventFilters": null,
                "specificEntityNamesByType": null
            },
            "showSearchBox": false
        },
        {
            "widgetType": "EventListWidget",
            "title": "TAE",
            "height": 374,
            "width": 673,
            "minHeight": 0,
            "minWidth": 0,
            "x": 1351,
            "y": 398,
            "label": null,
            "description": null,
            "drillDownUrl": null,
            "useMetricBrowserAsDrillDown": true,
            "drillDownActionType": null,
            "backgroundColor": 16777215,
            "backgroundColors": null,
            "backgroundColorsStr": "16777215,16777215",
            "color": 1646891,
            "fontSize": 12,
            "useAutomaticFontSize": false,
            "borderEnabled": false,
            "borderThickness": 0,
            "borderColor": 14408667,
            "backgroundAlpha": 1,
            "showValues": false,
            "formatNumber": null,
            "numDecimals": 0,
            "removeZeros": null,
            "compactMode": false,
            "showTimeRange": false,
            "renderIn3D": false,
            "showLegend": null,
            "legendPosition": null,
            "legendColumnCount": null,
            "startTime": null,
            "endTime": null,
            "minutesBeforeAnchorTime": 15,
            "isGlobal": true,
            "propertiesMap": null,
            "dataSeriesTemplates": null,
            "useTimeline": false,
            "eventFilterTemplate": {
                "applicationName": "TAE",
                "healthRuleNames": null,
                "eventTypes": [
                    "POLICY_OPEN_WARNING",
                    "POLICY_OPEN_CRITICAL",
                    "ANOMALY_OPEN_WARNING",
                    "ANOMALY_OPEN_CRITICAL",
                    "DEADLOCK",
                    "RESOURCE_POOL_LIMIT",
                    "APPLICATION_DEPLOYMENT",
                    "APP_SERVER_RESTART",
                    "CLR_CRASH",
                    "APPLICATION_CONFIG_CHANGE",
                    "APPLICATION_CRASH",
                    "LICENSE",
                    "DISK_SPACE",
                    "CONTROLLER_AGENT_VERSION_INCOMPATIBILITY",
                    "AGENT_CONFIGURATION_ERROR",
                    "DEV_MODE_CONFIG_UPDATE",
                    "CONTROLLER_METRIC_REG_LIMIT_REACHED",
                    "APPLICATION_CRASH",
                    "APPLICATION_DISCOVERED",
                    "TIER_DISCOVERED",
                    "NODE_DISCOVERED",
                    "MACHINE_DISCOVERED",
                    "BT_DISCOVERED",
                    "SERVICE_ENDPOINT_DISCOVERED",
                    "BACKEND_DISCOVERED"
                ],
                "rsdTypes": null,
                "customEventFilters": null,
                "specificEntityNamesByType": null
            },
            "showSearchBox": false
        },
        {
            "widgetType": "EventListWidget",
            "title": "TPE",
            "height": 375,
            "width": 675,
            "minHeight": 0,
            "minWidth": 0,
            "x": 1350,
            "y": 800,
            "label": null,
            "description": null,
            "drillDownUrl": null,
            "useMetricBrowserAsDrillDown": true,
            "drillDownActionType": null,
            "backgroundColor": 16777215,
            "backgroundColors": null,
            "backgroundColorsStr": "16777215,16777215",
            "color": 1646891,
            "fontSize": 12,
            "useAutomaticFontSize": false,
            "borderEnabled": false,
            "borderThickness": 0,
            "borderColor": 14408667,
            "backgroundAlpha": 1,
            "showValues": false,
            "formatNumber": null,
            "numDecimals": 0,
            "removeZeros": null,
            "compactMode": false,
            "showTimeRange": false,
            "renderIn3D": false,
            "showLegend": null,
            "legendPosition": null,
            "legendColumnCount": null,
            "startTime": null,
            "endTime": null,
            "minutesBeforeAnchorTime": 15,
            "isGlobal": true,
            "propertiesMap": null,
            "dataSeriesTemplates": null,
            "useTimeline": false,
            "eventFilterTemplate": {
                "applicationName": "TPE",
                "healthRuleNames": null,
                "eventTypes": [
                    "POLICY_OPEN_WARNING",
                    "POLICY_OPEN_CRITICAL",
                    "ANOMALY_OPEN_WARNING",
                    "ANOMALY_OPEN_CRITICAL",
                    "DEADLOCK",
                    "RESOURCE_POOL_LIMIT",
                    "APPLICATION_DEPLOYMENT",
                    "APP_SERVER_RESTART",
                    "CLR_CRASH",
                    "APPLICATION_CONFIG_CHANGE",
                    "APPLICATION_CRASH",
                    "LICENSE",
                    "DISK_SPACE",
                    "CONTROLLER_AGENT_VERSION_INCOMPATIBILITY",
                    "AGENT_CONFIGURATION_ERROR",
                    "DEV_MODE_CONFIG_UPDATE",
                    "CONTROLLER_METRIC_REG_LIMIT_REACHED",
                    "APPLICATION_CRASH"
                ],
                "rsdTypes": null,
                "customEventFilters": null,
                "specificEntityNamesByType": null
            },
            "showSearchBox": false
        },
        {
            "widgetType": "PieWidget",
            "title": null,
            "height": 771,
            "width": 793,
            "minHeight": 0,
            "minWidth": 0,
            "x": 2050,
            "y": 0,
            "label": null,
            "description": null,
            "drillDownUrl": null,
            "useMetricBrowserAsDrillDown": true,
            "drillDownActionType": null,
            "backgroundColor": 16777215,
            "backgroundColors": null,
            "backgroundColorsStr": "16777215,16777215",
            "color": 1646891,
            "fontSize": 12,
            "useAutomaticFontSize": false,
            "borderEnabled": false,
            "borderThickness": 0,
            "borderColor": 14408667,
            "backgroundAlpha": 1,
            "showValues": true,
            "formatNumber": null,
            "numDecimals": 0,
            "removeZeros": null,
            "compactMode": false,
            "showTimeRange": false,
            "renderIn3D": false,
            "showLegend": true,
            "legendPosition": "POSITION_BOTTOM",
            "legendColumnCount": 2,
            "startTime": null,
            "endTime": null,
            "minutesBeforeAnchorTime": 15,
            "isGlobal": true,
            "propertiesMap": null,
            "dataSeriesTemplates": [
                {
                    "seriesType": "LINE",
                    "metricType": null,
                    "showRawMetricName": true,
                    "colorPalette": null,
                    "name": "Series 1",
                    "metricMatchCriteriaTemplate": {
                        "entityMatchCriteria": {
                            "matchCriteriaType": "AllEntities",
                            "entityType": "APPLICATION_COMPONENT_NODE",
                            "agentTypes": null,
                            "summary": false
                        },
                        "metricExpressionTemplate": {
                            "metricExpressionType": "Logical",
                            "functionType": "VALUE",
                            "displayName": "null",
                            "inputMetricText": false,
                            "inputMetricPath": null,
                            "relativeMetricPath": "Hardware Resources|Machine|Availability"
                        },
                        "rollupMetricData": true,
                        "expressionString": null,
                        "useActiveBaseline": false,
                        "sortResultsAscending": false,
                        "maxResults": 30,
                        "evaluationScopeType": null,
                        "baselineName": null,
                        "applicationName": "Server & Infrastructure Monitoring",
                        "metricDisplayNameStyle": "DISPLAY_STYLE_FULL_PATH",
                        "metricDisplayNameCustomFormat": null
                    },
                    "axisPosition": null
                }
            ],
            "showLabels": false,
            "showPercentValues": null
        },
        {
            "widgetType": "EventListWidget",
            "title": "TPE",
            "height": 375,
            "width": 800,
            "minHeight": 0,
            "minWidth": 0,
            "x": 2048,
            "y": 800,
            "label": null,
            "description": null,
            "drillDownUrl": null,
            "useMetricBrowserAsDrillDown": true,
            "drillDownActionType": null,
            "backgroundColor": 16777215,
            "backgroundColors": null,
            "backgroundColorsStr": "16777215,16777215",
            "color": 1646891,
            "fontSize": 12,
            "useAutomaticFontSize": false,
            "borderEnabled": false,
            "borderThickness": 0,
            "borderColor": 14408667,
            "backgroundAlpha": 1,
            "showValues": false,
            "formatNumber": null,
            "numDecimals": 0,
            "removeZeros": null,
            "compactMode": false,
            "showTimeRange": false,
            "renderIn3D": false,
            "showLegend": null,
            "legendPosition": null,
            "legendColumnCount": null,
            "startTime": null,
            "endTime": null,
            "minutesBeforeAnchorTime": 15,
            "isGlobal": true,
            "propertiesMap": null,
            "dataSeriesTemplates": null,
            "useTimeline": false,
            "eventFilterTemplate": {
                "applicationName": "AppDynamics Analytics-2",
                "healthRuleNames": null,
                "eventTypes": [
                    "POLICY_OPEN_WARNING",
                    "POLICY_OPEN_CRITICAL",
                    "POLICY_CANCELED_WARNING",
                    "POLICY_CANCELED_CRITICAL",
                    "ANOMALY_OPEN_WARNING",
                    "ANOMALY_OPEN_CRITICAL",
                    "DEADLOCK",
                    "RESOURCE_POOL_LIMIT",
                    "APPLICATION_DEPLOYMENT",
                    "APP_SERVER_RESTART",
                    "CLR_CRASH",
                    "APPLICATION_CONFIG_CHANGE",
                    "APPLICATION_CRASH",
                    "LICENSE",
                    "DISK_SPACE",
                    "CONTROLLER_AGENT_VERSION_INCOMPATIBILITY",
                    "AGENT_CONFIGURATION_ERROR",
                    "DEV_MODE_CONFIG_UPDATE",
                    "CONTROLLER_METRIC_REG_LIMIT_REACHED",
                    "APPLICATION_CRASH"
                ],
                "rsdTypes": null,
                "customEventFilters": null,
                "specificEntityNamesByType": null
            },
            "showSearchBox": false
        }
    ],
    "warRoom": false,
    "template": false
}