{
    "schemaVersion": null,
    "dashboardFormatVersion": "4.0",
    "name": "REVERSAS PE6",
    "description": null,
    "properties": null,
    "templateEntityType": "APPLICATION_COMPONENT_NODE",
    "associatedEntityTemplates": null,
    "minutesBeforeAnchorTime": 60,
    "startDate": null,
    "endDate": null,
    "refreshInterval": 60000,
    "backgroundColor": 15856629,
    "color": 15856629,
    "height": 1024,
    "width": 2048,
    "canvasType": "CANVAS_TYPE_ABSOLUTE",
    "layoutType": "",
    "widgetTemplates": [
        {
            "widgetType": "AnalyticsWidget",
            "title": null,
            "height": 375,
            "width": 675,
            "minHeight": 2,
            "minWidth": 2,
            "x": 700,
            "y": 0,
            "label": "",
            "description": "",
            "drillDownUrl": "",
            "useMetricBrowserAsDrillDown": false,
            "drillDownActionType": null,
            "backgroundColor": 16777215,
            "backgroundColors": null,
            "backgroundColorsStr": null,
            "color": 3342336,
            "fontSize": 12,
            "useAutomaticFontSize": false,
            "borderEnabled": false,
            "borderThickness": 0,
            "borderColor": 0,
            "backgroundAlpha": 1,
            "showValues": false,
            "formatNumber": true,
            "numDecimals": 2,
            "removeZeros": true,
            "compactMode": false,
            "showTimeRange": false,
            "renderIn3D": false,
            "showLegend": false,
            "legendPosition": null,
            "legendColumnCount": null,
            "startTime": null,
            "endTime": null,
            "minutesBeforeAnchorTime": 5,
            "isGlobal": true,
            "propertiesMap": null,
            "dataSeriesTemplates": null,
            "adqlQueryList": [
                "SELECT distinct (entityPE6), count(*) AS Total FROM logs WHERE sourceType = \"Reversas_PE6\" and entityPE6 IS NOT NULL and respcodePE6 = \"00\" AND swcodePE6 = \"00\" LIMIT 300"
            ],
            "analyticsWidgetType": "PIE",
            "searchMode": "ADVANCED",
            "isStackingEnabled": true,
            "legendsLayout": "VERTICAL",
            "maxAllowedYAxisFields": 1,
            "maxAllowedXAxisFields": 2,
            "min": null,
            "interval": null,
            "max": null,
            "intervalType": null,
            "maxType": null,
            "minType": null,
            "showMinExtremes": false,
            "showMaxExtremes": false,
            "displayPercentileMarkers": false,
            "percentileValue1": null,
            "percentileValue2": null,
            "percentileValue3": null,
            "percentileValue4": null,
            "isShowLogYAxis": false,
            "resolution": null,
            "dataFetchSize": null,
            "percentileLine": null,
            "timeRangeInterval": null,
            "pollingInterval": null,
            "unit": 0,
            "isRawQuery": false,
            "viewState": null,
            "gridState": null,
            "slmConfigId": null,
            "bjId": null,
            "showInverse": false,
            "showHealth": false,
            "align": "center",
            "compareToOption": null,
            "trailingPeriod": null,
            "trailingPeriodUnit": null,
            "isIncreaseGood": null,
            "numberFormatOption": null,
            "showUnivariateLabel": true
        },
        {
            "widgetType": "AnalyticsWidget",
            "title": "",
            "height": 775,
            "width": 700,
            "minHeight": 2,
            "minWidth": 2,
            "x": 0,
            "y": 0,
            "label": "",
            "description": "",
            "drillDownUrl": "",
            "useMetricBrowserAsDrillDown": false,
            "drillDownActionType": null,
            "backgroundColor": 16777215,
            "backgroundColors": null,
            "backgroundColorsStr": null,
            "color": 3342336,
            "fontSize": 12,
            "useAutomaticFontSize": false,
            "borderEnabled": false,
            "borderThickness": 0,
            "borderColor": 0,
            "backgroundAlpha": 1,
            "showValues": false,
            "formatNumber": true,
            "numDecimals": 2,
            "removeZeros": true,
            "compactMode": false,
            "showTimeRange": false,
            "renderIn3D": false,
            "showLegend": false,
            "legendPosition": null,
            "legendColumnCount": null,
            "startTime": null,
            "endTime": null,
            "minutesBeforeAnchorTime": 5,
            "isGlobal": true,
            "propertiesMap": null,
            "dataSeriesTemplates": null,
            "adqlQueryList": [
                "SELECT distinct (entityPE6) AS ENTITY, placePE6 AS PLAZA, count(*) AS TOTAL FROM logs WHERE sourceType = \"Reversas_PE6\" and entityPE6 IS NOT NULL LIMIT 100"
            ],
            "analyticsWidgetType": "TABLE",
            "searchMode": "ADVANCED",
            "isStackingEnabled": true,
            "legendsLayout": "VERTICAL",
            "maxAllowedYAxisFields": 10,
            "maxAllowedXAxisFields": 10,
            "min": null,
            "interval": null,
            "max": null,
            "intervalType": null,
            "maxType": null,
            "minType": null,
            "showMinExtremes": false,
            "showMaxExtremes": false,
            "displayPercentileMarkers": false,
            "percentileValue1": null,
            "percentileValue2": null,
            "percentileValue3": null,
            "percentileValue4": null,
            "isShowLogYAxis": false,
            "resolution": null,
            "dataFetchSize": null,
            "percentileLine": null,
            "timeRangeInterval": null,
            "pollingInterval": null,
            "unit": 0,
            "isRawQuery": false,
            "viewState": "{\"columns\":[{\"name\":\"entityPE6_0\",\"width\":\"*\",\"sort\":{}},{\"name\":\"placePE6_1\",\"width\":\"*\",\"sort\":{}},{\"name\":\"count_*_2\",\"width\":\"*\",\"sort\":{\"priority\":0,\"direction\":\"desc\"}}],\"scrollFocus\":{},\"selection\":[],\"grouping\":{},\"treeView\":{},\"pagination\":{\"paginationCurrentPage\":1,\"paginationPageSize\":50}}",
            "gridState": null,
            "slmConfigId": null,
            "bjId": null,
            "showInverse": false,
            "showHealth": false,
            "align": "center",
            "compareToOption": null,
            "trailingPeriod": null,
            "trailingPeriodUnit": null,
            "isIncreaseGood": null,
            "numberFormatOption": null,
            "showUnivariateLabel": true
        },
        {
            "widgetType": "AnalyticsWidget",
            "title": "",
            "height": 400,
            "width": 1350,
            "minHeight": 2,
            "minWidth": 2,
            "x": 698,
            "y": 375,
            "label": "",
            "description": "",
            "drillDownUrl": "",
            "useMetricBrowserAsDrillDown": false,
            "drillDownActionType": null,
            "backgroundColor": 16777215,
            "backgroundColors": null,
            "backgroundColorsStr": null,
            "color": 3342336,
            "fontSize": 12,
            "useAutomaticFontSize": false,
            "borderEnabled": false,
            "borderThickness": 0,
            "borderColor": 0,
            "backgroundAlpha": 1,
            "showValues": false,
            "formatNumber": true,
            "numDecimals": 2,
            "removeZeros": true,
            "compactMode": false,
            "showTimeRange": false,
            "renderIn3D": false,
            "showLegend": false,
            "legendPosition": null,
            "legendColumnCount": null,
            "startTime": null,
            "endTime": null,
            "minutesBeforeAnchorTime": 5,
            "isGlobal": true,
            "propertiesMap": null,
            "dataSeriesTemplates": null,
            "adqlQueryList": [
                "SELECT distinct (entityPE6) AS ENTITY, placePE6 AS PLAZA, respcodePE6 AS RESP_CODE, swcodePE6 AS SW_CODE, count(*) AS TOTAL FROM logs WHERE sourceType = \"Reversas_PE6\" and entityPE6 IS NOT NULL and respcodePE6 IS NOT NULL and swcodePE6 IS NOT NULL LIMIT 300"
            ],
            "analyticsWidgetType": "TABLE",
            "searchMode": "ADVANCED",
            "isStackingEnabled": true,
            "legendsLayout": "VERTICAL",
            "maxAllowedYAxisFields": 10,
            "maxAllowedXAxisFields": 10,
            "min": null,
            "interval": null,
            "max": null,
            "intervalType": null,
            "maxType": null,
            "minType": null,
            "showMinExtremes": false,
            "showMaxExtremes": false,
            "displayPercentileMarkers": false,
            "percentileValue1": null,
            "percentileValue2": null,
            "percentileValue3": null,
            "percentileValue4": null,
            "isShowLogYAxis": false,
            "resolution": null,
            "dataFetchSize": null,
            "percentileLine": null,
            "timeRangeInterval": null,
            "pollingInterval": null,
            "unit": 0,
            "isRawQuery": false,
            "viewState": "{\"columns\":[{\"name\":\"entityPE6_0\",\"width\":\"*\",\"sort\":{}},{\"name\":\"placePE6_1\",\"width\":\"*\",\"sort\":{}},{\"name\":\"respcodePE6_2\",\"width\":\"*\",\"sort\":{}},{\"name\":\"swcodePE6_3\",\"width\":\"*\",\"sort\":{}},{\"name\":\"count_*_4\",\"width\":\"*\",\"sort\":{}}],\"scrollFocus\":{},\"selection\":[],\"grouping\":{},\"treeView\":{},\"pagination\":{\"paginationCurrentPage\":1,\"paginationPageSize\":50}}",
            "gridState": null,
            "slmConfigId": null,
            "bjId": null,
            "showInverse": false,
            "showHealth": false,
            "align": "center",
            "compareToOption": null,
            "trailingPeriod": null,
            "trailingPeriodUnit": null,
            "isIncreaseGood": null,
            "numberFormatOption": null,
            "showUnivariateLabel": true
        },
        {
            "widgetType": "TextWidget",
            "title": null,
            "height": 50,
            "width": 325,
            "minHeight": 0,
            "minWidth": 0,
            "x": 700,
            "y": 375,
            "label": null,
            "description": null,
            "drillDownUrl": null,
            "useMetricBrowserAsDrillDown": false,
            "drillDownActionType": null,
            "backgroundColor": 16777215,
            "backgroundColors": null,
            "backgroundColorsStr": "16777215,16777215",
            "color": 1646891,
            "fontSize": 20,
            "useAutomaticFontSize": false,
            "borderEnabled": false,
            "borderThickness": 0,
            "borderColor": 14408667,
            "backgroundAlpha": 0,
            "showValues": false,
            "formatNumber": null,
            "numDecimals": 0,
            "removeZeros": null,
            "compactMode": false,
            "showTimeRange": false,
            "renderIn3D": false,
            "showLegend": null,
            "legendPosition": null,
            "legendColumnCount": null,
            "startTime": null,
            "endTime": null,
            "minutesBeforeAnchorTime": 15,
            "isGlobal": true,
            "propertiesMap": null,
            "dataSeriesTemplates": null,
            "text": "<strong>CODE REVERSE AND CODE SYC</strong>",
            "textAlign": "LEFT",
            "margin": 4
        },
        {
            "widgetType": "TextWidget",
            "title": null,
            "height": 50,
            "width": 325,
            "minHeight": 0,
            "minWidth": 0,
            "x": 0,
            "y": 0,
            "label": null,
            "description": null,
            "drillDownUrl": null,
            "useMetricBrowserAsDrillDown": false,
            "drillDownActionType": null,
            "backgroundColor": 16777215,
            "backgroundColors": null,
            "backgroundColorsStr": "16777215,16777215",
            "color": 1646891,
            "fontSize": 20,
            "useAutomaticFontSize": false,
            "borderEnabled": false,
            "borderThickness": 0,
            "borderColor": 14408667,
            "backgroundAlpha": 0,
            "showValues": false,
            "formatNumber": null,
            "numDecimals": 0,
            "removeZeros": null,
            "compactMode": false,
            "showTimeRange": false,
            "renderIn3D": false,
            "showLegend": null,
            "legendPosition": null,
            "legendColumnCount": null,
            "startTime": null,
            "endTime": null,
            "minutesBeforeAnchorTime": 15,
            "isGlobal": true,
            "propertiesMap": null,
            "dataSeriesTemplates": null,
            "text": "<strong>REVERSAS POR PLAZA</strong>",
            "textAlign": "LEFT",
            "margin": 4
        },
        {
            "widgetType": "TextWidget",
            "title": null,
            "height": 50,
            "width": 325,
            "minHeight": 0,
            "minWidth": 0,
            "x": 700,
            "y": 0,
            "label": null,
            "description": null,
            "drillDownUrl": null,
            "useMetricBrowserAsDrillDown": false,
            "drillDownActionType": null,
            "backgroundColor": 16777215,
            "backgroundColors": null,
            "backgroundColorsStr": "16777215,16777215",
            "color": 1646891,
            "fontSize": 20,
            "useAutomaticFontSize": false,
            "borderEnabled": false,
            "borderThickness": 0,
            "borderColor": 14408667,
            "backgroundAlpha": 0,
            "showValues": false,
            "formatNumber": null,
            "numDecimals": 0,
            "removeZeros": null,
            "compactMode": false,
            "showTimeRange": false,
            "renderIn3D": false,
            "showLegend": null,
            "legendPosition": null,
            "legendColumnCount": null,
            "startTime": null,
            "endTime": null,
            "minutesBeforeAnchorTime": 15,
            "isGlobal": true,
            "propertiesMap": null,
            "dataSeriesTemplates": null,
            "text": "<strong>TOP EXITOSAS</strong>",
            "textAlign": "LEFT",
            "margin": 4
        },
        {
            "widgetType": "AnalyticsWidget",
            "title": "",
            "height": 375,
            "width": 673,
            "minHeight": 2,
            "minWidth": 2,
            "x": 1375,
            "y": 0,
            "label": "",
            "description": "",
            "drillDownUrl": "",
            "useMetricBrowserAsDrillDown": false,
            "drillDownActionType": null,
            "backgroundColor": 16777215,
            "backgroundColors": null,
            "backgroundColorsStr": null,
            "color": 3342336,
            "fontSize": 12,
            "useAutomaticFontSize": false,
            "borderEnabled": false,
            "borderThickness": 0,
            "borderColor": 0,
            "backgroundAlpha": 1,
            "showValues": false,
            "formatNumber": true,
            "numDecimals": 2,
            "removeZeros": true,
            "compactMode": false,
            "showTimeRange": false,
            "renderIn3D": false,
            "showLegend": false,
            "legendPosition": null,
            "legendColumnCount": null,
            "startTime": null,
            "endTime": null,
            "minutesBeforeAnchorTime": 60,
            "isGlobal": true,
            "propertiesMap": null,
            "dataSeriesTemplates": null,
            "adqlQueryList": [
                "SELECT distinct (entityPE6), count(*) FROM logs WHERE sourceType = \"Reversas_PE6\" AND respcodePE6 != \"00\" OR swcodePE6 != \"00\""
            ],
            "analyticsWidgetType": "PIE",
            "searchMode": "ADVANCED",
            "isStackingEnabled": false,
            "legendsLayout": "VERTICAL",
            "maxAllowedYAxisFields": 1,
            "maxAllowedXAxisFields": 2,
            "min": null,
            "interval": null,
            "max": null,
            "intervalType": null,
            "maxType": null,
            "minType": null,
            "showMinExtremes": false,
            "showMaxExtremes": false,
            "displayPercentileMarkers": false,
            "percentileValue1": null,
            "percentileValue2": null,
            "percentileValue3": null,
            "percentileValue4": null,
            "isShowLogYAxis": false,
            "resolution": null,
            "dataFetchSize": null,
            "percentileLine": null,
            "timeRangeInterval": null,
            "pollingInterval": null,
            "unit": 0,
            "isRawQuery": false,
            "viewState": null,
            "gridState": null,
            "slmConfigId": null,
            "bjId": null,
            "showInverse": false,
            "showHealth": false,
            "align": "center",
            "compareToOption": null,
            "trailingPeriod": null,
            "trailingPeriodUnit": null,
            "isIncreaseGood": null,
            "numberFormatOption": null,
            "showUnivariateLabel": true
        },
        {
            "widgetType": "TextWidget",
            "title": null,
            "height": 50,
            "width": 325,
            "minHeight": 0,
            "minWidth": 0,
            "x": 1425,
            "y": 0,
            "label": null,
            "description": null,
            "drillDownUrl": null,
            "useMetricBrowserAsDrillDown": false,
            "drillDownActionType": null,
            "backgroundColor": 16777215,
            "backgroundColors": null,
            "backgroundColorsStr": "16777215,16777215",
            "color": 1646891,
            "fontSize": 20,
            "useAutomaticFontSize": false,
            "borderEnabled": false,
            "borderThickness": 0,
            "borderColor": 14408667,
            "backgroundAlpha": 0,
            "showValues": false,
            "formatNumber": null,
            "numDecimals": 0,
            "removeZeros": null,
            "compactMode": false,
            "showTimeRange": false,
            "renderIn3D": false,
            "showLegend": null,
            "legendPosition": null,
            "legendColumnCount": null,
            "startTime": null,
            "endTime": null,
            "minutesBeforeAnchorTime": 15,
            "isGlobal": true,
            "propertiesMap": null,
            "dataSeriesTemplates": null,
            "text": "<strong>TOP NO EXITOSAS</strong>",
            "textAlign": "LEFT",
            "margin": 4
        },
        {
            "widgetType": "AnalyticsWidget",
            "title": null,
            "height": 249,
            "width": 1000,
            "minHeight": 2,
            "minWidth": 2,
            "x": 0,
            "y": 775,
            "label": "",
            "description": "",
            "drillDownUrl": "",
            "useMetricBrowserAsDrillDown": false,
            "drillDownActionType": null,
            "backgroundColor": 16777215,
            "backgroundColors": null,
            "backgroundColorsStr": null,
            "color": 1646891,
            "fontSize": 12,
            "useAutomaticFontSize": false,
            "borderEnabled": false,
            "borderThickness": 0,
            "borderColor": 0,
            "backgroundAlpha": 1,
            "showValues": false,
            "formatNumber": true,
            "numDecimals": 2,
            "removeZeros": true,
            "compactMode": false,
            "showTimeRange": false,
            "renderIn3D": false,
            "showLegend": false,
            "legendPosition": null,
            "legendColumnCount": null,
            "startTime": null,
            "endTime": null,
            "minutesBeforeAnchorTime": 5,
            "isGlobal": true,
            "propertiesMap": null,
            "dataSeriesTemplates": null,
            "adqlQueryList": [
                "SELECT series(eventTimestamp, \"1m\"), respcodePE6, count(*) FROM logs WHERE sourceType = \"Reversas_PE6\" AND respcodePE6 = \"00\""
            ],
            "analyticsWidgetType": "LINE",
            "searchMode": "ADVANCED",
            "isStackingEnabled": false,
            "legendsLayout": "NONE",
            "maxAllowedYAxisFields": 3,
            "maxAllowedXAxisFields": 1,
            "min": null,
            "interval": null,
            "max": null,
            "intervalType": null,
            "maxType": null,
            "minType": null,
            "showMinExtremes": false,
            "showMaxExtremes": false,
            "displayPercentileMarkers": false,
            "percentileValue1": null,
            "percentileValue2": null,
            "percentileValue3": null,
            "percentileValue4": null,
            "isShowLogYAxis": false,
            "resolution": null,
            "dataFetchSize": null,
            "percentileLine": null,
            "timeRangeInterval": null,
            "pollingInterval": null,
            "unit": 0,
            "isRawQuery": false,
            "viewState": null,
            "gridState": null,
            "slmConfigId": null,
            "bjId": null,
            "showInverse": false,
            "showHealth": false,
            "align": "center",
            "compareToOption": null,
            "trailingPeriod": null,
            "trailingPeriodUnit": null,
            "isIncreaseGood": null,
            "numberFormatOption": null,
            "showUnivariateLabel": true
        },
        {
            "widgetType": "AnalyticsWidget",
            "title": null,
            "height": 249,
            "width": 1048,
            "minHeight": 2,
            "minWidth": 2,
            "x": 1000,
            "y": 775,
            "label": "",
            "description": "",
            "drillDownUrl": "",
            "useMetricBrowserAsDrillDown": false,
            "drillDownActionType": null,
            "backgroundColor": 16777215,
            "backgroundColors": null,
            "backgroundColorsStr": null,
            "color": 1646891,
            "fontSize": 12,
            "useAutomaticFontSize": false,
            "borderEnabled": false,
            "borderThickness": 0,
            "borderColor": 0,
            "backgroundAlpha": 1,
            "showValues": false,
            "formatNumber": true,
            "numDecimals": 2,
            "removeZeros": true,
            "compactMode": false,
            "showTimeRange": false,
            "renderIn3D": false,
            "showLegend": false,
            "legendPosition": null,
            "legendColumnCount": null,
            "startTime": null,
            "endTime": null,
            "minutesBeforeAnchorTime": 60,
            "isGlobal": true,
            "propertiesMap": null,
            "dataSeriesTemplates": null,
            "adqlQueryList": [
                "SELECT series(eventTimestamp, '1m'), entityPE6, count(*) FROM logs WHERE sourceType = \"Reversas_PE6\" AND respcodePE6 != \"00\" OR swcodePE6 != \"00\""
            ],
            "analyticsWidgetType": "LINE",
            "searchMode": "ADVANCED",
            "isStackingEnabled": false,
            "legendsLayout": "NONE",
            "maxAllowedYAxisFields": 3,
            "maxAllowedXAxisFields": 1,
            "min": null,
            "interval": null,
            "max": null,
            "intervalType": null,
            "maxType": null,
            "minType": null,
            "showMinExtremes": false,
            "showMaxExtremes": false,
            "displayPercentileMarkers": false,
            "percentileValue1": null,
            "percentileValue2": null,
            "percentileValue3": null,
            "percentileValue4": null,
            "isShowLogYAxis": false,
            "resolution": null,
            "dataFetchSize": null,
            "percentileLine": null,
            "timeRangeInterval": null,
            "pollingInterval": null,
            "unit": 0,
            "isRawQuery": false,
            "viewState": null,
            "gridState": null,
            "slmConfigId": null,
            "bjId": null,
            "showInverse": false,
            "showHealth": false,
            "align": "center",
            "compareToOption": null,
            "trailingPeriod": null,
            "trailingPeriodUnit": null,
            "isIncreaseGood": null,
            "numberFormatOption": null,
            "showUnivariateLabel": true
        },
        {
            "widgetType": "TextWidget",
            "title": null,
            "height": 50,
            "width": 325,
            "minHeight": 0,
            "minWidth": 0,
            "x": 0,
            "y": 775,
            "label": null,
            "description": null,
            "drillDownUrl": null,
            "useMetricBrowserAsDrillDown": false,
            "drillDownActionType": null,
            "backgroundColor": 16777215,
            "backgroundColors": null,
            "backgroundColorsStr": "16777215,16777215",
            "color": 1646891,
            "fontSize": 20,
            "useAutomaticFontSize": false,
            "borderEnabled": false,
            "borderThickness": 0,
            "borderColor": 14408667,
            "backgroundAlpha": 0,
            "showValues": false,
            "formatNumber": null,
            "numDecimals": 0,
            "removeZeros": null,
            "compactMode": false,
            "showTimeRange": false,
            "renderIn3D": false,
            "showLegend": null,
            "legendPosition": null,
            "legendColumnCount": null,
            "startTime": null,
            "endTime": null,
            "minutesBeforeAnchorTime": 15,
            "isGlobal": true,
            "propertiesMap": null,
            "dataSeriesTemplates": null,
            "text": "<strong>EXITOSAS</strong>",
            "textAlign": "LEFT",
            "margin": 4
        },
        {
            "widgetType": "TextWidget",
            "title": null,
            "height": 50,
            "width": 325,
            "minHeight": 0,
            "minWidth": 0,
            "x": 1000,
            "y": 775,
            "label": null,
            "description": null,
            "drillDownUrl": null,
            "useMetricBrowserAsDrillDown": false,
            "drillDownActionType": null,
            "backgroundColor": 16777215,
            "backgroundColors": null,
            "backgroundColorsStr": "16777215,16777215",
            "color": 1646891,
            "fontSize": 20,
            "useAutomaticFontSize": false,
            "borderEnabled": false,
            "borderThickness": 0,
            "borderColor": 14408667,
            "backgroundAlpha": 0,
            "showValues": false,
            "formatNumber": null,
            "numDecimals": 0,
            "removeZeros": null,
            "compactMode": false,
            "showTimeRange": false,
            "renderIn3D": false,
            "showLegend": null,
            "legendPosition": null,
            "legendColumnCount": null,
            "startTime": null,
            "endTime": null,
            "minutesBeforeAnchorTime": 15,
            "isGlobal": true,
            "propertiesMap": null,
            "dataSeriesTemplates": null,
            "text": "<strong>NO EXITOSAS</strong>",
            "textAlign": "LEFT",
            "margin": 4
        }
    ],
    "warRoom": false,
    "template": false
}