{
    "schemaVersion": null,
    "dashboardFormatVersion": "4.0",
    "name": "REVERSAS OLS",
    "description": null,
    "properties": null,
    "templateEntityType": "APPLICATION_COMPONENT_NODE",
    "associatedEntityTemplates": null,
    "minutesBeforeAnchorTime": 15,
    "startDate": null,
    "endDate": null,
    "refreshInterval": 60000,
    "backgroundColor": 15856629,
    "color": 15856629,
    "height": 1024,
    "width": 2048,
    "canvasType": "CANVAS_TYPE_ABSOLUTE",
    "layoutType": "",
    "widgetTemplates": [
        {
            "widgetType": "AnalyticsWidget",
            "title": null,
            "height": 375,
            "width": 1248,
            "minHeight": 2,
            "minWidth": 2,
            "x": 800,
            "y": 0,
            "label": "",
            "description": "",
            "drillDownUrl": "",
            "useMetricBrowserAsDrillDown": false,
            "drillDownActionType": null,
            "backgroundColor": 16777215,
            "backgroundColors": null,
            "backgroundColorsStr": null,
            "color": 3342336,
            "fontSize": 12,
            "useAutomaticFontSize": false,
            "borderEnabled": false,
            "borderThickness": 0,
            "borderColor": 0,
            "backgroundAlpha": 1,
            "showValues": false,
            "formatNumber": true,
            "numDecimals": 2,
            "removeZeros": true,
            "compactMode": false,
            "showTimeRange": false,
            "renderIn3D": false,
            "showLegend": false,
            "legendPosition": null,
            "legendColumnCount": null,
            "startTime": null,
            "endTime": null,
            "minutesBeforeAnchorTime": 5,
            "isGlobal": true,
            "propertiesMap": null,
            "dataSeriesTemplates": null,
            "adqlQueryList": [
                "SELECT distinct (statusOLS) AS STATUS, applicatonOLS, count(*) AS Total FROM logs WHERE sourceType = \"reversas_OLS\" and applicatonOLS IS NOT NULL"
            ],
            "analyticsWidgetType": "COLUMN",
            "searchMode": "ADVANCED",
            "isStackingEnabled": true,
            "legendsLayout": "VERTICAL",
            "maxAllowedYAxisFields": 3,
            "maxAllowedXAxisFields": 2,
            "min": null,
            "interval": null,
            "max": null,
            "intervalType": null,
            "maxType": null,
            "minType": null,
            "showMinExtremes": false,
            "showMaxExtremes": false,
            "displayPercentileMarkers": false,
            "percentileValue1": null,
            "percentileValue2": null,
            "percentileValue3": null,
            "percentileValue4": null,
            "isShowLogYAxis": false,
            "resolution": null,
            "dataFetchSize": null,
            "percentileLine": null,
            "timeRangeInterval": null,
            "pollingInterval": null,
            "unit": 0,
            "isRawQuery": false,
            "viewState": null,
            "gridState": null,
            "slmConfigId": null,
            "bjId": null,
            "showInverse": false,
            "showHealth": false,
            "align": "center",
            "compareToOption": null,
            "trailingPeriod": null,
            "trailingPeriodUnit": null,
            "isIncreaseGood": null,
            "numberFormatOption": null,
            "showUnivariateLabel": true
        },
        {
            "widgetType": "AnalyticsWidget",
            "title": "",
            "height": 775,
            "width": 800,
            "minHeight": 2,
            "minWidth": 2,
            "x": 0,
            "y": 0,
            "label": "",
            "description": "",
            "drillDownUrl": "",
            "useMetricBrowserAsDrillDown": false,
            "drillDownActionType": null,
            "backgroundColor": 16777215,
            "backgroundColors": null,
            "backgroundColorsStr": null,
            "color": 3342336,
            "fontSize": 12,
            "useAutomaticFontSize": false,
            "borderEnabled": false,
            "borderThickness": 0,
            "borderColor": 0,
            "backgroundAlpha": 1,
            "showValues": false,
            "formatNumber": true,
            "numDecimals": 2,
            "removeZeros": true,
            "compactMode": false,
            "showTimeRange": false,
            "renderIn3D": false,
            "showLegend": false,
            "legendPosition": null,
            "legendColumnCount": null,
            "startTime": null,
            "endTime": null,
            "minutesBeforeAnchorTime": 5,
            "isGlobal": true,
            "propertiesMap": null,
            "dataSeriesTemplates": null,
            "adqlQueryList": [
                "SELECT distinct (dateOLS) AS FECHA, entityOLS AS ENTITY, applicatonOLS AS APPLICATION, statusOLS AS STATUS, count(*) AS TOTAL FROM logs WHERE sourceType = \"reversas_OLS\" and entityOLS IS NOT NULL AND statusOLS IS NOT NULL and applicatonOLS IS NOT NULL and dateOLS is NOT NULL LIMIT 100"
            ],
            "analyticsWidgetType": "TABLE",
            "searchMode": "ADVANCED",
            "isStackingEnabled": true,
            "legendsLayout": "VERTICAL",
            "maxAllowedYAxisFields": 10,
            "maxAllowedXAxisFields": 10,
            "min": null,
            "interval": null,
            "max": null,
            "intervalType": null,
            "maxType": null,
            "minType": null,
            "showMinExtremes": false,
            "showMaxExtremes": false,
            "displayPercentileMarkers": false,
            "percentileValue1": null,
            "percentileValue2": null,
            "percentileValue3": null,
            "percentileValue4": null,
            "isShowLogYAxis": false,
            "resolution": null,
            "dataFetchSize": null,
            "percentileLine": null,
            "timeRangeInterval": null,
            "pollingInterval": null,
            "unit": 0,
            "isRawQuery": false,
            "viewState": "{\"columns\":[{\"name\":\"applicatonOLS_0\",\"width\":\"*\",\"sort\":{}},{\"name\":\"entityOLS_1\",\"width\":\"*\",\"sort\":{}},{\"name\":\"statusOLS_2\",\"width\":\"*\",\"sort\":{}},{\"name\":\"count_*_3\",\"width\":\"*\",\"sort\":{}}],\"scrollFocus\":{},\"selection\":[],\"grouping\":{},\"treeView\":{},\"pagination\":{\"paginationCurrentPage\":1,\"paginationPageSize\":50}}",
            "gridState": null,
            "slmConfigId": null,
            "bjId": null,
            "showInverse": false,
            "showHealth": false,
            "align": "center",
            "compareToOption": null,
            "trailingPeriod": null,
            "trailingPeriodUnit": null,
            "isIncreaseGood": null,
            "numberFormatOption": null,
            "showUnivariateLabel": true
        },
        {
            "widgetType": "TextWidget",
            "title": null,
            "height": 50,
            "width": 325,
            "minHeight": 0,
            "minWidth": 0,
            "x": 0,
            "y": 0,
            "label": null,
            "description": null,
            "drillDownUrl": null,
            "useMetricBrowserAsDrillDown": false,
            "drillDownActionType": null,
            "backgroundColor": 16777215,
            "backgroundColors": null,
            "backgroundColorsStr": "16777215,16777215",
            "color": 1646891,
            "fontSize": 20,
            "useAutomaticFontSize": false,
            "borderEnabled": false,
            "borderThickness": 0,
            "borderColor": 14408667,
            "backgroundAlpha": 0,
            "showValues": false,
            "formatNumber": null,
            "numDecimals": 0,
            "removeZeros": null,
            "compactMode": false,
            "showTimeRange": false,
            "renderIn3D": false,
            "showLegend": null,
            "legendPosition": null,
            "legendColumnCount": null,
            "startTime": null,
            "endTime": null,
            "minutesBeforeAnchorTime": 15,
            "isGlobal": true,
            "propertiesMap": null,
            "dataSeriesTemplates": null,
            "text": "<strong>REVERSAS POR APPLICATION</strong>",
            "textAlign": "LEFT",
            "margin": 4
        },
        {
            "widgetType": "TextWidget",
            "title": null,
            "height": 50,
            "width": 325,
            "minHeight": 0,
            "minWidth": 0,
            "x": 800,
            "y": 0,
            "label": null,
            "description": null,
            "drillDownUrl": null,
            "useMetricBrowserAsDrillDown": false,
            "drillDownActionType": null,
            "backgroundColor": 16777215,
            "backgroundColors": null,
            "backgroundColorsStr": "16777215,16777215",
            "color": 1646891,
            "fontSize": 20,
            "useAutomaticFontSize": false,
            "borderEnabled": false,
            "borderThickness": 0,
            "borderColor": 14408667,
            "backgroundAlpha": 0,
            "showValues": false,
            "formatNumber": null,
            "numDecimals": 0,
            "removeZeros": null,
            "compactMode": false,
            "showTimeRange": false,
            "renderIn3D": false,
            "showLegend": null,
            "legendPosition": null,
            "legendColumnCount": null,
            "startTime": null,
            "endTime": null,
            "minutesBeforeAnchorTime": 15,
            "isGlobal": true,
            "propertiesMap": null,
            "dataSeriesTemplates": null,
            "text": "<strong>REVERSAS POR APLICACIÓN</strong>",
            "textAlign": "LEFT",
            "margin": 4
        },
        {
            "widgetType": "AnalyticsWidget",
            "title": "",
            "height": 400,
            "width": 1248,
            "minHeight": 2,
            "minWidth": 2,
            "x": 800,
            "y": 375,
            "label": "",
            "description": "",
            "drillDownUrl": "",
            "useMetricBrowserAsDrillDown": false,
            "drillDownActionType": null,
            "backgroundColor": 16777215,
            "backgroundColors": null,
            "backgroundColorsStr": null,
            "color": 3342336,
            "fontSize": 12,
            "useAutomaticFontSize": false,
            "borderEnabled": false,
            "borderThickness": 0,
            "borderColor": 0,
            "backgroundAlpha": 1,
            "showValues": false,
            "formatNumber": true,
            "numDecimals": 2,
            "removeZeros": true,
            "compactMode": false,
            "showTimeRange": false,
            "renderIn3D": false,
            "showLegend": false,
            "legendPosition": null,
            "legendColumnCount": null,
            "startTime": null,
            "endTime": null,
            "minutesBeforeAnchorTime": 5,
            "isGlobal": true,
            "propertiesMap": null,
            "dataSeriesTemplates": null,
            "adqlQueryList": [
                "SELECT distinct (statusOLS) AS STATUS, entityOLS, count(*) AS Total FROM logs WHERE sourceType = \"reversas_OLS\" and applicatonOLS IS NOT NULL"
            ],
            "analyticsWidgetType": "COLUMN",
            "searchMode": "ADVANCED",
            "isStackingEnabled": true,
            "legendsLayout": "VERTICAL",
            "maxAllowedYAxisFields": 3,
            "maxAllowedXAxisFields": 2,
            "min": null,
            "interval": null,
            "max": null,
            "intervalType": null,
            "maxType": null,
            "minType": null,
            "showMinExtremes": false,
            "showMaxExtremes": false,
            "displayPercentileMarkers": false,
            "percentileValue1": null,
            "percentileValue2": null,
            "percentileValue3": null,
            "percentileValue4": null,
            "isShowLogYAxis": false,
            "resolution": null,
            "dataFetchSize": null,
            "percentileLine": null,
            "timeRangeInterval": null,
            "pollingInterval": null,
            "unit": 0,
            "isRawQuery": true,
            "viewState": null,
            "gridState": null,
            "slmConfigId": null,
            "bjId": null,
            "showInverse": false,
            "showHealth": false,
            "align": "center",
            "compareToOption": null,
            "trailingPeriod": null,
            "trailingPeriodUnit": null,
            "isIncreaseGood": null,
            "numberFormatOption": null,
            "showUnivariateLabel": true
        },
        {
            "widgetType": "TextWidget",
            "title": null,
            "height": 50,
            "width": 325,
            "minHeight": 0,
            "minWidth": 0,
            "x": 800,
            "y": 375,
            "label": null,
            "description": null,
            "drillDownUrl": null,
            "useMetricBrowserAsDrillDown": false,
            "drillDownActionType": null,
            "backgroundColor": 16777215,
            "backgroundColors": null,
            "backgroundColorsStr": "16777215,16777215",
            "color": 1646891,
            "fontSize": 20,
            "useAutomaticFontSize": false,
            "borderEnabled": false,
            "borderThickness": 0,
            "borderColor": 14408667,
            "backgroundAlpha": 0,
            "showValues": false,
            "formatNumber": null,
            "numDecimals": 0,
            "removeZeros": null,
            "compactMode": false,
            "showTimeRange": false,
            "renderIn3D": false,
            "showLegend": null,
            "legendPosition": null,
            "legendColumnCount": null,
            "startTime": null,
            "endTime": null,
            "minutesBeforeAnchorTime": 15,
            "isGlobal": true,
            "propertiesMap": null,
            "dataSeriesTemplates": null,
            "text": "<strong>REVERSAS POR ENTIDAD</strong>",
            "textAlign": "LEFT",
            "margin": 4
        }
    ],
    "warRoom": false,
    "template": false
}