{
    "schemaVersion": null,
    "dashboardFormatVersion": "4.0",
    "name": "Mesa de Trabajo Infra",
    "description": null,
    "properties": null,
    "templateEntityType": "APPLICATION_COMPONENT_NODE",
    "associatedEntityTemplates": null,
    "minutesBeforeAnchorTime": -1,
    "startDate": null,
    "endDate": null,
    "refreshInterval": 120000,
    "backgroundColor": 15856629,
    "color": 15856629,
    "height": 1024,
    "width": 2050,
    "canvasType": "CANVAS_TYPE_ABSOLUTE",
    "layoutType": "",
    "widgetTemplates": [
        {
            "widgetType": "GraphWidget",
            "title": "",
            "height": 275,
            "width": 650,
            "minHeight": 0,
            "minWidth": 0,
            "x": 2,
            "y": 45,
            "label": null,
            "description": null,
            "drillDownUrl": null,
            "useMetricBrowserAsDrillDown": true,
            "drillDownActionType": null,
            "backgroundColor": 16777215,
            "backgroundColors": null,
            "backgroundColorsStr": "16777215,16777215",
            "color": 1646891,
            "fontSize": 12,
            "useAutomaticFontSize": false,
            "borderEnabled": false,
            "borderThickness": 0,
            "borderColor": 14408667,
            "backgroundAlpha": 1,
            "showValues": false,
            "formatNumber": null,
            "numDecimals": 0,
            "removeZeros": null,
            "compactMode": false,
            "showTimeRange": false,
            "renderIn3D": false,
            "showLegend": false,
            "legendPosition": "POSITION_BOTTOM",
            "legendColumnCount": 1,
            "startTime": null,
            "endTime": null,
            "minutesBeforeAnchorTime": 15,
            "isGlobal": true,
            "propertiesMap": null,
            "dataSeriesTemplates": [
                {
                    "seriesType": "LINE",
                    "metricType": "SIM",
                    "showRawMetricName": false,
                    "colorPalette": null,
                    "name": "Series 1",
                    "metricMatchCriteriaTemplate": {
                        "entityMatchCriteria": {
                            "matchCriteriaType": "AllEntities",
                            "entityType": "MACHINE_INSTANCE",
                            "agentTypes": null,
                            "summary": false
                        },
                        "metricExpressionTemplate": {
                            "metricExpressionType": "Logical",
                            "functionType": "VALUE",
                            "displayName": "null",
                            "inputMetricText": false,
                            "inputMetricPath": null,
                            "relativeMetricPath": "Hardware Resources|CPU|System"
                        },
                        "rollupMetricData": false,
                        "expressionString": "",
                        "useActiveBaseline": false,
                        "sortResultsAscending": false,
                        "maxResults": 20,
                        "evaluationScopeType": null,
                        "baselineName": null,
                        "applicationName": "BO-Prod",
                        "metricDisplayNameStyle": "DISPLAY_STYLE_AUTO",
                        "metricDisplayNameCustomFormat": null
                    },
                    "axisPosition": "LEFT"
                }
            ],
            "verticalAxisLabel": null,
            "hideHorizontalAxis": null,
            "horizontalAxisLabel": null,
            "axisType": "LINEAR",
            "stackMode": null,
            "multipleYAxis": null,
            "customVerticalAxisMin": null,
            "customVerticalAxisMax": null,
            "showEvents": null,
            "interpolateDataGaps": false,
            "showAllTooltips": null,
            "staticThresholdList": [],
            "eventFilterTemplate": null
        },
        {
            "widgetType": "TextWidget",
            "title": null,
            "height": 50,
            "width": 200,
            "minHeight": 0,
            "minWidth": 0,
            "x": 1,
            "y": 0,
            "label": null,
            "description": null,
            "drillDownUrl": null,
            "useMetricBrowserAsDrillDown": false,
            "drillDownActionType": null,
            "backgroundColor": 16777215,
            "backgroundColors": null,
            "backgroundColorsStr": "16777215,16777215",
            "color": 1646891,
            "fontSize": 18,
            "useAutomaticFontSize": false,
            "borderEnabled": false,
            "borderThickness": 0,
            "borderColor": 14408667,
            "backgroundAlpha": 0,
            "showValues": false,
            "formatNumber": null,
            "numDecimals": 0,
            "removeZeros": null,
            "compactMode": false,
            "showTimeRange": false,
            "renderIn3D": false,
            "showLegend": null,
            "legendPosition": null,
            "legendColumnCount": null,
            "startTime": null,
            "endTime": null,
            "minutesBeforeAnchorTime": 15,
            "isGlobal": true,
            "propertiesMap": null,
            "dataSeriesTemplates": null,
            "text": "<strong>CPU System</strong>",
            "textAlign": "CENTER",
            "margin": 4
        },
        {
            "widgetType": "GraphWidget",
            "title": null,
            "height": 276,
            "width": 651,
            "minHeight": 0,
            "minWidth": 0,
            "x": 704,
            "y": 42,
            "label": null,
            "description": null,
            "drillDownUrl": null,
            "useMetricBrowserAsDrillDown": true,
            "drillDownActionType": null,
            "backgroundColor": 16777215,
            "backgroundColors": null,
            "backgroundColorsStr": "16777215,16777215",
            "color": 1646891,
            "fontSize": 12,
            "useAutomaticFontSize": false,
            "borderEnabled": false,
            "borderThickness": 0,
            "borderColor": 14408667,
            "backgroundAlpha": 1,
            "showValues": false,
            "formatNumber": null,
            "numDecimals": 0,
            "removeZeros": null,
            "compactMode": false,
            "showTimeRange": false,
            "renderIn3D": false,
            "showLegend": true,
            "legendPosition": "POSITION_BOTTOM",
            "legendColumnCount": 1,
            "startTime": null,
            "endTime": null,
            "minutesBeforeAnchorTime": 15,
            "isGlobal": true,
            "propertiesMap": null,
            "dataSeriesTemplates": [
                {
                    "seriesType": "LINE",
                    "metricType": "SIM",
                    "showRawMetricName": false,
                    "colorPalette": null,
                    "name": "Series 1",
                    "metricMatchCriteriaTemplate": {
                        "entityMatchCriteria": {
                            "matchCriteriaType": "AllEntities",
                            "entityType": "MACHINE_INSTANCE",
                            "agentTypes": null,
                            "summary": false
                        },
                        "metricExpressionTemplate": {
                            "metricExpressionType": "Logical",
                            "functionType": "VALUE",
                            "displayName": "null",
                            "inputMetricText": false,
                            "inputMetricPath": null,
                            "relativeMetricPath": "Application Infrastructure Performance|Root|Individual Nodes|oxvfiap03|Hardware Resources|CPU|User"
                        },
                        "rollupMetricData": false,
                        "expressionString": "",
                        "useActiveBaseline": false,
                        "sortResultsAscending": false,
                        "maxResults": 20,
                        "evaluationScopeType": null,
                        "baselineName": null,
                        "applicationName": "Fintech",
                        "metricDisplayNameStyle": "DISPLAY_STYLE_AUTO",
                        "metricDisplayNameCustomFormat": null
                    },
                    "axisPosition": "LEFT"
                }
            ],
            "verticalAxisLabel": null,
            "hideHorizontalAxis": null,
            "horizontalAxisLabel": null,
            "axisType": "LINEAR",
            "stackMode": null,
            "multipleYAxis": null,
            "customVerticalAxisMin": null,
            "customVerticalAxisMax": null,
            "showEvents": null,
            "interpolateDataGaps": false,
            "showAllTooltips": null,
            "staticThresholdList": [],
            "eventFilterTemplate": null
        },
        {
            "widgetType": "GraphWidget",
            "title": null,
            "height": 276,
            "width": 652,
            "minHeight": 0,
            "minWidth": 0,
            "x": 1398,
            "y": 396,
            "label": null,
            "description": null,
            "drillDownUrl": null,
            "useMetricBrowserAsDrillDown": true,
            "drillDownActionType": null,
            "backgroundColor": 16777215,
            "backgroundColors": null,
            "backgroundColorsStr": "16777215,16777215",
            "color": 1646891,
            "fontSize": 12,
            "useAutomaticFontSize": false,
            "borderEnabled": false,
            "borderThickness": 0,
            "borderColor": 14408667,
            "backgroundAlpha": 1,
            "showValues": false,
            "formatNumber": null,
            "numDecimals": 0,
            "removeZeros": null,
            "compactMode": false,
            "showTimeRange": false,
            "renderIn3D": false,
            "showLegend": false,
            "legendPosition": "POSITION_BOTTOM",
            "legendColumnCount": 1,
            "startTime": null,
            "endTime": null,
            "minutesBeforeAnchorTime": 15,
            "isGlobal": true,
            "propertiesMap": null,
            "dataSeriesTemplates": [
                {
                    "seriesType": "LINE",
                    "metricType": "SIM",
                    "showRawMetricName": false,
                    "colorPalette": null,
                    "name": "Series 1",
                    "metricMatchCriteriaTemplate": {
                        "entityMatchCriteria": {
                            "matchCriteriaType": "AllEntities",
                            "entityType": "MACHINE_INSTANCE",
                            "agentTypes": null,
                            "summary": false
                        },
                        "metricExpressionTemplate": {
                            "metricExpressionType": "Logical",
                            "functionType": "VALUE",
                            "displayName": "null",
                            "inputMetricText": false,
                            "inputMetricPath": null,
                            "relativeMetricPath": "Hardware Resources|CPU|IOWait"
                        },
                        "rollupMetricData": false,
                        "expressionString": "",
                        "useActiveBaseline": false,
                        "sortResultsAscending": false,
                        "maxResults": 20,
                        "evaluationScopeType": null,
                        "baselineName": null,
                        "applicationName": "BO-Prod",
                        "metricDisplayNameStyle": "DISPLAY_STYLE_AUTO",
                        "metricDisplayNameCustomFormat": null
                    },
                    "axisPosition": "LEFT"
                }
            ],
            "verticalAxisLabel": null,
            "hideHorizontalAxis": null,
            "horizontalAxisLabel": null,
            "axisType": "LINEAR",
            "stackMode": null,
            "multipleYAxis": null,
            "customVerticalAxisMin": null,
            "customVerticalAxisMax": null,
            "showEvents": null,
            "interpolateDataGaps": false,
            "showAllTooltips": null,
            "staticThresholdList": [],
            "eventFilterTemplate": null
        },
        {
            "widgetType": "GraphWidget",
            "title": null,
            "height": 275,
            "width": 651,
            "minHeight": 0,
            "minWidth": 0,
            "x": 0,
            "y": 389,
            "label": null,
            "description": null,
            "drillDownUrl": null,
            "useMetricBrowserAsDrillDown": true,
            "drillDownActionType": null,
            "backgroundColor": 16777215,
            "backgroundColors": null,
            "backgroundColorsStr": "16777215,16777215",
            "color": 1646891,
            "fontSize": 12,
            "useAutomaticFontSize": false,
            "borderEnabled": false,
            "borderThickness": 0,
            "borderColor": 14408667,
            "backgroundAlpha": 1,
            "showValues": false,
            "formatNumber": null,
            "numDecimals": 0,
            "removeZeros": null,
            "compactMode": false,
            "showTimeRange": false,
            "renderIn3D": false,
            "showLegend": false,
            "legendPosition": "POSITION_BOTTOM",
            "legendColumnCount": 1,
            "startTime": null,
            "endTime": null,
            "minutesBeforeAnchorTime": 15,
            "isGlobal": true,
            "propertiesMap": null,
            "dataSeriesTemplates": [
                {
                    "seriesType": "LINE",
                    "metricType": "SIM",
                    "showRawMetricName": false,
                    "colorPalette": null,
                    "name": "Series 1",
                    "metricMatchCriteriaTemplate": {
                        "entityMatchCriteria": {
                            "matchCriteriaType": "AllEntities",
                            "entityType": "MACHINE_INSTANCE",
                            "agentTypes": null,
                            "summary": false
                        },
                        "metricExpressionTemplate": {
                            "metricExpressionType": "Logical",
                            "functionType": "VALUE",
                            "displayName": "null",
                            "inputMetricText": false,
                            "inputMetricPath": null,
                            "relativeMetricPath": "Hardware Resources|Load|Last 1 minute"
                        },
                        "rollupMetricData": false,
                        "expressionString": "",
                        "useActiveBaseline": false,
                        "sortResultsAscending": false,
                        "maxResults": 20,
                        "evaluationScopeType": null,
                        "baselineName": null,
                        "applicationName": "BO-Prod",
                        "metricDisplayNameStyle": "DISPLAY_STYLE_AUTO",
                        "metricDisplayNameCustomFormat": null
                    },
                    "axisPosition": "LEFT"
                }
            ],
            "verticalAxisLabel": null,
            "hideHorizontalAxis": null,
            "horizontalAxisLabel": null,
            "axisType": "LINEAR",
            "stackMode": null,
            "multipleYAxis": null,
            "customVerticalAxisMin": null,
            "customVerticalAxisMax": null,
            "showEvents": null,
            "interpolateDataGaps": false,
            "showAllTooltips": null,
            "staticThresholdList": [],
            "eventFilterTemplate": null
        },
        {
            "widgetType": "GraphWidget",
            "title": null,
            "height": 276,
            "width": 651,
            "minHeight": 0,
            "minWidth": 0,
            "x": 700,
            "y": 391,
            "label": null,
            "description": null,
            "drillDownUrl": null,
            "useMetricBrowserAsDrillDown": true,
            "drillDownActionType": null,
            "backgroundColor": 16777215,
            "backgroundColors": null,
            "backgroundColorsStr": "16777215,16777215",
            "color": 1646891,
            "fontSize": 12,
            "useAutomaticFontSize": false,
            "borderEnabled": false,
            "borderThickness": 0,
            "borderColor": 14408667,
            "backgroundAlpha": 1,
            "showValues": false,
            "formatNumber": null,
            "numDecimals": 0,
            "removeZeros": null,
            "compactMode": false,
            "showTimeRange": false,
            "renderIn3D": false,
            "showLegend": false,
            "legendPosition": "POSITION_BOTTOM",
            "legendColumnCount": 1,
            "startTime": null,
            "endTime": null,
            "minutesBeforeAnchorTime": 15,
            "isGlobal": true,
            "propertiesMap": null,
            "dataSeriesTemplates": [
                {
                    "seriesType": "LINE",
                    "metricType": "SIM",
                    "showRawMetricName": false,
                    "colorPalette": null,
                    "name": "Series 1",
                    "metricMatchCriteriaTemplate": {
                        "entityMatchCriteria": {
                            "matchCriteriaType": "AllEntities",
                            "entityType": "MACHINE_INSTANCE",
                            "agentTypes": null,
                            "summary": false
                        },
                        "metricExpressionTemplate": {
                            "metricExpressionType": "Logical",
                            "functionType": "VALUE",
                            "displayName": "null",
                            "inputMetricText": false,
                            "inputMetricPath": null,
                            "relativeMetricPath": "Hardware Resources|Load|Last 5 minutes"
                        },
                        "rollupMetricData": false,
                        "expressionString": "",
                        "useActiveBaseline": false,
                        "sortResultsAscending": false,
                        "maxResults": 20,
                        "evaluationScopeType": null,
                        "baselineName": null,
                        "applicationName": "BO-Prod",
                        "metricDisplayNameStyle": "DISPLAY_STYLE_AUTO",
                        "metricDisplayNameCustomFormat": null
                    },
                    "axisPosition": "LEFT"
                }
            ],
            "verticalAxisLabel": null,
            "hideHorizontalAxis": null,
            "horizontalAxisLabel": null,
            "axisType": "LINEAR",
            "stackMode": null,
            "multipleYAxis": null,
            "customVerticalAxisMin": null,
            "customVerticalAxisMax": null,
            "showEvents": null,
            "interpolateDataGaps": false,
            "showAllTooltips": null,
            "staticThresholdList": [],
            "eventFilterTemplate": null
        },
        {
            "widgetType": "GraphWidget",
            "title": null,
            "height": 276,
            "width": 648,
            "minHeight": 0,
            "minWidth": 0,
            "x": 1398,
            "y": 392,
            "label": null,
            "description": null,
            "drillDownUrl": null,
            "useMetricBrowserAsDrillDown": true,
            "drillDownActionType": null,
            "backgroundColor": 16777215,
            "backgroundColors": null,
            "backgroundColorsStr": "16777215,16777215",
            "color": 1646891,
            "fontSize": 12,
            "useAutomaticFontSize": false,
            "borderEnabled": false,
            "borderThickness": 0,
            "borderColor": 14408667,
            "backgroundAlpha": 1,
            "showValues": false,
            "formatNumber": null,
            "numDecimals": 0,
            "removeZeros": null,
            "compactMode": false,
            "showTimeRange": false,
            "renderIn3D": false,
            "showLegend": false,
            "legendPosition": "POSITION_BOTTOM",
            "legendColumnCount": 1,
            "startTime": null,
            "endTime": null,
            "minutesBeforeAnchorTime": 15,
            "isGlobal": true,
            "propertiesMap": null,
            "dataSeriesTemplates": [
                {
                    "seriesType": "LINE",
                    "metricType": "SIM",
                    "showRawMetricName": false,
                    "colorPalette": null,
                    "name": "Series 1",
                    "metricMatchCriteriaTemplate": {
                        "entityMatchCriteria": {
                            "matchCriteriaType": "AllEntities",
                            "entityType": "MACHINE_INSTANCE",
                            "agentTypes": null,
                            "summary": false
                        },
                        "metricExpressionTemplate": {
                            "metricExpressionType": "Logical",
                            "functionType": "VALUE",
                            "displayName": "null",
                            "inputMetricText": false,
                            "inputMetricPath": null,
                            "relativeMetricPath": "Hardware Resources|Load|Last 15 minutes"
                        },
                        "rollupMetricData": false,
                        "expressionString": "",
                        "useActiveBaseline": false,
                        "sortResultsAscending": false,
                        "maxResults": 20,
                        "evaluationScopeType": null,
                        "baselineName": null,
                        "applicationName": "BO-Prod",
                        "metricDisplayNameStyle": "DISPLAY_STYLE_AUTO",
                        "metricDisplayNameCustomFormat": null
                    },
                    "axisPosition": "LEFT"
                }
            ],
            "verticalAxisLabel": null,
            "hideHorizontalAxis": null,
            "horizontalAxisLabel": null,
            "axisType": "LINEAR",
            "stackMode": null,
            "multipleYAxis": null,
            "customVerticalAxisMin": null,
            "customVerticalAxisMax": null,
            "showEvents": null,
            "interpolateDataGaps": false,
            "showAllTooltips": null,
            "staticThresholdList": [],
            "eventFilterTemplate": null
        },
        {
            "widgetType": "TextWidget",
            "title": null,
            "height": 49,
            "width": 200,
            "minHeight": 0,
            "minWidth": 0,
            "x": 9,
            "y": 339,
            "label": null,
            "description": null,
            "drillDownUrl": null,
            "useMetricBrowserAsDrillDown": false,
            "drillDownActionType": null,
            "backgroundColor": 16777215,
            "backgroundColors": null,
            "backgroundColorsStr": "16777215,16777215",
            "color": 1646891,
            "fontSize": 18,
            "useAutomaticFontSize": false,
            "borderEnabled": false,
            "borderThickness": 0,
            "borderColor": 14408667,
            "backgroundAlpha": 0,
            "showValues": false,
            "formatNumber": null,
            "numDecimals": 0,
            "removeZeros": null,
            "compactMode": false,
            "showTimeRange": false,
            "renderIn3D": false,
            "showLegend": null,
            "legendPosition": null,
            "legendColumnCount": null,
            "startTime": null,
            "endTime": null,
            "minutesBeforeAnchorTime": 15,
            "isGlobal": true,
            "propertiesMap": null,
            "dataSeriesTemplates": null,
            "text": "<strong>Load 1 Minute</strong>",
            "textAlign": "CENTER",
            "margin": 4
        },
        {
            "widgetType": "GraphWidget",
            "title": null,
            "height": 275,
            "width": 651,
            "minHeight": 0,
            "minWidth": 0,
            "x": 0,
            "y": 713,
            "label": null,
            "description": null,
            "drillDownUrl": null,
            "useMetricBrowserAsDrillDown": true,
            "drillDownActionType": null,
            "backgroundColor": 16777215,
            "backgroundColors": null,
            "backgroundColorsStr": "16777215,16777215",
            "color": 1646891,
            "fontSize": 12,
            "useAutomaticFontSize": false,
            "borderEnabled": false,
            "borderThickness": 0,
            "borderColor": 14408667,
            "backgroundAlpha": 1,
            "showValues": false,
            "formatNumber": null,
            "numDecimals": 0,
            "removeZeros": null,
            "compactMode": false,
            "showTimeRange": false,
            "renderIn3D": false,
            "showLegend": false,
            "legendPosition": "POSITION_BOTTOM",
            "legendColumnCount": 1,
            "startTime": null,
            "endTime": null,
            "minutesBeforeAnchorTime": 15,
            "isGlobal": true,
            "propertiesMap": null,
            "dataSeriesTemplates": [
                {
                    "seriesType": "LINE",
                    "metricType": "SIM",
                    "showRawMetricName": false,
                    "colorPalette": null,
                    "name": "Series 1",
                    "metricMatchCriteriaTemplate": {
                        "entityMatchCriteria": {
                            "matchCriteriaType": "AllEntities",
                            "entityType": "MACHINE_INSTANCE",
                            "agentTypes": null,
                            "summary": false
                        },
                        "metricExpressionTemplate": {
                            "metricExpressionType": "Logical",
                            "functionType": "VALUE",
                            "displayName": "null",
                            "inputMetricText": false,
                            "inputMetricPath": null,
                            "relativeMetricPath": "Hardware Resources|Memory|Swap Used %"
                        },
                        "rollupMetricData": false,
                        "expressionString": "",
                        "useActiveBaseline": false,
                        "sortResultsAscending": false,
                        "maxResults": 20,
                        "evaluationScopeType": null,
                        "baselineName": null,
                        "applicationName": "BO-Prod",
                        "metricDisplayNameStyle": "DISPLAY_STYLE_AUTO",
                        "metricDisplayNameCustomFormat": null
                    },
                    "axisPosition": "LEFT"
                }
            ],
            "verticalAxisLabel": null,
            "hideHorizontalAxis": null,
            "horizontalAxisLabel": null,
            "axisType": "LINEAR",
            "stackMode": null,
            "multipleYAxis": null,
            "customVerticalAxisMin": null,
            "customVerticalAxisMax": null,
            "showEvents": null,
            "interpolateDataGaps": false,
            "showAllTooltips": null,
            "staticThresholdList": [],
            "eventFilterTemplate": null
        },
        {
            "widgetType": "TextWidget",
            "title": null,
            "height": 50,
            "width": 200,
            "minHeight": 0,
            "minWidth": 0,
            "x": 2,
            "y": 668,
            "label": null,
            "description": null,
            "drillDownUrl": null,
            "useMetricBrowserAsDrillDown": false,
            "drillDownActionType": null,
            "backgroundColor": 16777215,
            "backgroundColors": null,
            "backgroundColorsStr": "16777215,16777215",
            "color": 1646891,
            "fontSize": 18,
            "useAutomaticFontSize": false,
            "borderEnabled": false,
            "borderThickness": 0,
            "borderColor": 14408667,
            "backgroundAlpha": 0,
            "showValues": false,
            "formatNumber": null,
            "numDecimals": 0,
            "removeZeros": null,
            "compactMode": false,
            "showTimeRange": false,
            "renderIn3D": false,
            "showLegend": null,
            "legendPosition": null,
            "legendColumnCount": null,
            "startTime": null,
            "endTime": null,
            "minutesBeforeAnchorTime": 15,
            "isGlobal": true,
            "propertiesMap": null,
            "dataSeriesTemplates": null,
            "text": "<strong>Swap Used %</strong>",
            "textAlign": "CENTER",
            "margin": 4
        },
        {
            "widgetType": "TextWidget",
            "title": null,
            "height": 51,
            "width": 200,
            "minHeight": 0,
            "minWidth": 0,
            "x": 710,
            "y": 344,
            "label": null,
            "description": null,
            "drillDownUrl": null,
            "useMetricBrowserAsDrillDown": false,
            "drillDownActionType": null,
            "backgroundColor": 16777215,
            "backgroundColors": null,
            "backgroundColorsStr": "16777215,16777215",
            "color": 1646891,
            "fontSize": 18,
            "useAutomaticFontSize": false,
            "borderEnabled": false,
            "borderThickness": 0,
            "borderColor": 14408667,
            "backgroundAlpha": 0,
            "showValues": false,
            "formatNumber": null,
            "numDecimals": 0,
            "removeZeros": null,
            "compactMode": false,
            "showTimeRange": false,
            "renderIn3D": false,
            "showLegend": null,
            "legendPosition": null,
            "legendColumnCount": null,
            "startTime": null,
            "endTime": null,
            "minutesBeforeAnchorTime": 15,
            "isGlobal": true,
            "propertiesMap": null,
            "dataSeriesTemplates": null,
            "text": "<strong>Load 5 Minute</strong>",
            "textAlign": "CENTER",
            "margin": 4
        },
        {
            "widgetType": "TextWidget",
            "title": null,
            "height": 49,
            "width": 200,
            "minHeight": 0,
            "minWidth": 0,
            "x": 1400,
            "y": 341,
            "label": null,
            "description": null,
            "drillDownUrl": null,
            "useMetricBrowserAsDrillDown": false,
            "drillDownActionType": null,
            "backgroundColor": 16777215,
            "backgroundColors": null,
            "backgroundColorsStr": "16777215,16777215",
            "color": 1646891,
            "fontSize": 18,
            "useAutomaticFontSize": false,
            "borderEnabled": false,
            "borderThickness": 0,
            "borderColor": 14408667,
            "backgroundAlpha": 0,
            "showValues": false,
            "formatNumber": null,
            "numDecimals": 0,
            "removeZeros": null,
            "compactMode": false,
            "showTimeRange": false,
            "renderIn3D": false,
            "showLegend": null,
            "legendPosition": null,
            "legendColumnCount": null,
            "startTime": null,
            "endTime": null,
            "minutesBeforeAnchorTime": 15,
            "isGlobal": true,
            "propertiesMap": null,
            "dataSeriesTemplates": null,
            "text": "<strong>Load 15 Minute</strong>",
            "textAlign": "CENTER",
            "margin": 4
        },
        {
            "widgetType": "TextWidget",
            "title": null,
            "height": 51,
            "width": 200,
            "minHeight": 0,
            "minWidth": 0,
            "x": 705,
            "y": 4,
            "label": null,
            "description": null,
            "drillDownUrl": null,
            "useMetricBrowserAsDrillDown": false,
            "drillDownActionType": null,
            "backgroundColor": 16777215,
            "backgroundColors": null,
            "backgroundColorsStr": "16777215,16777215",
            "color": 1646891,
            "fontSize": 18,
            "useAutomaticFontSize": false,
            "borderEnabled": false,
            "borderThickness": 0,
            "borderColor": 14408667,
            "backgroundAlpha": 0,
            "showValues": false,
            "formatNumber": null,
            "numDecimals": 0,
            "removeZeros": null,
            "compactMode": false,
            "showTimeRange": false,
            "renderIn3D": false,
            "showLegend": null,
            "legendPosition": null,
            "legendColumnCount": null,
            "startTime": null,
            "endTime": null,
            "minutesBeforeAnchorTime": 15,
            "isGlobal": true,
            "propertiesMap": null,
            "dataSeriesTemplates": null,
            "text": "<strong>CPU User</strong>",
            "textAlign": "CENTER",
            "margin": 4
        },
        {
            "widgetType": "TextWidget",
            "title": null,
            "height": 52,
            "width": 200,
            "minHeight": 0,
            "minWidth": 0,
            "x": 1397,
            "y": 7,
            "label": null,
            "description": null,
            "drillDownUrl": null,
            "useMetricBrowserAsDrillDown": false,
            "drillDownActionType": null,
            "backgroundColor": 16777215,
            "backgroundColors": null,
            "backgroundColorsStr": "16777215,16777215",
            "color": 1646891,
            "fontSize": 18,
            "useAutomaticFontSize": false,
            "borderEnabled": false,
            "borderThickness": 0,
            "borderColor": 14408667,
            "backgroundAlpha": 0,
            "showValues": false,
            "formatNumber": null,
            "numDecimals": 0,
            "removeZeros": null,
            "compactMode": false,
            "showTimeRange": false,
            "renderIn3D": false,
            "showLegend": null,
            "legendPosition": null,
            "legendColumnCount": null,
            "startTime": null,
            "endTime": null,
            "minutesBeforeAnchorTime": 15,
            "isGlobal": true,
            "propertiesMap": null,
            "dataSeriesTemplates": null,
            "text": "<strong>CPU IOWait</strong>",
            "textAlign": "CENTER",
            "margin": 4
        },
        {
            "widgetType": "HealthListWidget",
            "title": "",
            "height": 31,
            "width": 31,
            "minHeight": 0,
            "minWidth": 0,
            "x": 4,
            "y": 344,
            "label": null,
            "description": null,
            "drillDownUrl": null,
            "useMetricBrowserAsDrillDown": false,
            "drillDownActionType": null,
            "backgroundColor": 16777215,
            "backgroundColors": null,
            "backgroundColorsStr": "16777215,16777215",
            "color": 1646891,
            "fontSize": 12,
            "useAutomaticFontSize": false,
            "borderEnabled": false,
            "borderThickness": 0,
            "borderColor": 14408667,
            "backgroundAlpha": 0,
            "showValues": false,
            "formatNumber": null,
            "numDecimals": 0,
            "removeZeros": null,
            "compactMode": false,
            "showTimeRange": false,
            "renderIn3D": false,
            "showLegend": null,
            "legendPosition": null,
            "legendColumnCount": null,
            "startTime": null,
            "endTime": null,
            "minutesBeforeAnchorTime": 15,
            "isGlobal": true,
            "propertiesMap": null,
            "dataSeriesTemplates": null,
            "applicationReference": {
                "applicationName": "Server & Infrastructure Monitoring",
                "entityType": "APPLICATION",
                "entityName": "Server & Infrastructure Monitoring",
                "scopingEntityType": null,
                "scopingEntityName": null,
                "subtype": null
            },
            "entityReferences": [
                {
                    "applicationName": "Server & Infrastructure Monitoring",
                    "entityType": "POLICY",
                    "entityName": "BO_MesaT_Carga1Minuto",
                    "scopingEntityType": null,
                    "scopingEntityName": null,
                    "subtype": null
                }
            ],
            "entityType": "POLICY",
            "entitySelectionType": "SPECIFIED",
            "iconSize": 18,
            "iconPosition": "LEFT",
            "showSearchBox": false,
            "showList": false,
            "showListHeader": false,
            "showBarPie": false,
            "showPie": true,
            "innerRadius": 0,
            "aggregationType": "RATIO"
        },
        {
            "widgetType": "HealthListWidget",
            "title": null,
            "height": 32,
            "width": 32,
            "minHeight": 0,
            "minWidth": 0,
            "x": 7,
            "y": 7,
            "label": null,
            "description": null,
            "drillDownUrl": null,
            "useMetricBrowserAsDrillDown": false,
            "drillDownActionType": null,
            "backgroundColor": 16777215,
            "backgroundColors": null,
            "backgroundColorsStr": "16777215,16777215",
            "color": 1646891,
            "fontSize": 12,
            "useAutomaticFontSize": false,
            "borderEnabled": false,
            "borderThickness": 0,
            "borderColor": 14408667,
            "backgroundAlpha": 0,
            "showValues": false,
            "formatNumber": null,
            "numDecimals": 0,
            "removeZeros": null,
            "compactMode": false,
            "showTimeRange": false,
            "renderIn3D": false,
            "showLegend": null,
            "legendPosition": null,
            "legendColumnCount": null,
            "startTime": null,
            "endTime": null,
            "minutesBeforeAnchorTime": 15,
            "isGlobal": true,
            "propertiesMap": null,
            "dataSeriesTemplates": null,
            "applicationReference": {
                "applicationName": "Server & Infrastructure Monitoring",
                "entityType": "APPLICATION",
                "entityName": "Server & Infrastructure Monitoring",
                "scopingEntityType": null,
                "scopingEntityName": null,
                "subtype": null
            },
            "entityReferences": [
                {
                    "applicationName": "Server & Infrastructure Monitoring",
                    "entityType": "POLICY",
                    "entityName": "BO_MesaT_CPUSystem",
                    "scopingEntityType": null,
                    "scopingEntityName": null,
                    "subtype": null
                }
            ],
            "entityType": "POLICY",
            "entitySelectionType": "SPECIFIED",
            "iconSize": 18,
            "iconPosition": "LEFT",
            "showSearchBox": false,
            "showList": false,
            "showListHeader": false,
            "showBarPie": false,
            "showPie": true,
            "innerRadius": 0,
            "aggregationType": "RATIO"
        },
        {
            "widgetType": "HealthListWidget",
            "title": null,
            "height": 31,
            "width": 31,
            "minHeight": 0,
            "minWidth": 0,
            "x": 703,
            "y": 353,
            "label": null,
            "description": null,
            "drillDownUrl": null,
            "useMetricBrowserAsDrillDown": false,
            "drillDownActionType": null,
            "backgroundColor": 16777215,
            "backgroundColors": null,
            "backgroundColorsStr": "16777215,16777215",
            "color": 1646891,
            "fontSize": 12,
            "useAutomaticFontSize": false,
            "borderEnabled": false,
            "borderThickness": 0,
            "borderColor": 14408667,
            "backgroundAlpha": 0,
            "showValues": false,
            "formatNumber": null,
            "numDecimals": 0,
            "removeZeros": null,
            "compactMode": false,
            "showTimeRange": false,
            "renderIn3D": false,
            "showLegend": null,
            "legendPosition": null,
            "legendColumnCount": null,
            "startTime": null,
            "endTime": null,
            "minutesBeforeAnchorTime": 15,
            "isGlobal": true,
            "propertiesMap": null,
            "dataSeriesTemplates": null,
            "applicationReference": {
                "applicationName": "Server & Infrastructure Monitoring",
                "entityType": "APPLICATION",
                "entityName": "Server & Infrastructure Monitoring",
                "scopingEntityType": null,
                "scopingEntityName": null,
                "subtype": null
            },
            "entityReferences": [
                {
                    "applicationName": "Server & Infrastructure Monitoring",
                    "entityType": "POLICY",
                    "entityName": "BO_MesaT_Carga5Minutos",
                    "scopingEntityType": null,
                    "scopingEntityName": null,
                    "subtype": null
                }
            ],
            "entityType": "POLICY",
            "entitySelectionType": "SPECIFIED",
            "iconSize": 18,
            "iconPosition": "LEFT",
            "showSearchBox": false,
            "showList": false,
            "showListHeader": false,
            "showBarPie": false,
            "showPie": true,
            "innerRadius": 0,
            "aggregationType": "RATIO"
        },
        {
            "widgetType": "HealthListWidget",
            "title": null,
            "height": 31,
            "width": 31,
            "minHeight": 0,
            "minWidth": 0,
            "x": 1400,
            "y": 349,
            "label": null,
            "description": null,
            "drillDownUrl": null,
            "useMetricBrowserAsDrillDown": false,
            "drillDownActionType": null,
            "backgroundColor": 16777215,
            "backgroundColors": null,
            "backgroundColorsStr": "16777215,16777215",
            "color": 1646891,
            "fontSize": 12,
            "useAutomaticFontSize": false,
            "borderEnabled": false,
            "borderThickness": 0,
            "borderColor": 14408667,
            "backgroundAlpha": 0,
            "showValues": false,
            "formatNumber": null,
            "numDecimals": 0,
            "removeZeros": null,
            "compactMode": false,
            "showTimeRange": false,
            "renderIn3D": false,
            "showLegend": null,
            "legendPosition": null,
            "legendColumnCount": null,
            "startTime": null,
            "endTime": null,
            "minutesBeforeAnchorTime": 15,
            "isGlobal": true,
            "propertiesMap": null,
            "dataSeriesTemplates": null,
            "applicationReference": {
                "applicationName": "Server & Infrastructure Monitoring",
                "entityType": "APPLICATION",
                "entityName": "Server & Infrastructure Monitoring",
                "scopingEntityType": null,
                "scopingEntityName": null,
                "subtype": null
            },
            "entityReferences": [
                {
                    "applicationName": "Server & Infrastructure Monitoring",
                    "entityType": "POLICY",
                    "entityName": "BO_MesaT_Carga15Minutos",
                    "scopingEntityType": null,
                    "scopingEntityName": null,
                    "subtype": null
                }
            ],
            "entityType": "POLICY",
            "entitySelectionType": "SPECIFIED",
            "iconSize": 18,
            "iconPosition": "LEFT",
            "showSearchBox": false,
            "showList": false,
            "showListHeader": false,
            "showBarPie": false,
            "showPie": true,
            "innerRadius": 0,
            "aggregationType": "RATIO"
        },
        {
            "widgetType": "HealthListWidget",
            "title": null,
            "height": 31,
            "width": 31,
            "minHeight": 0,
            "minWidth": 0,
            "x": 2,
            "y": 676,
            "label": null,
            "description": null,
            "drillDownUrl": null,
            "useMetricBrowserAsDrillDown": false,
            "drillDownActionType": null,
            "backgroundColor": 16777215,
            "backgroundColors": null,
            "backgroundColorsStr": "16777215,16777215",
            "color": 1646891,
            "fontSize": 12,
            "useAutomaticFontSize": false,
            "borderEnabled": false,
            "borderThickness": 0,
            "borderColor": 14408667,
            "backgroundAlpha": 0,
            "showValues": false,
            "formatNumber": null,
            "numDecimals": 0,
            "removeZeros": null,
            "compactMode": false,
            "showTimeRange": false,
            "renderIn3D": false,
            "showLegend": null,
            "legendPosition": null,
            "legendColumnCount": null,
            "startTime": null,
            "endTime": null,
            "minutesBeforeAnchorTime": 15,
            "isGlobal": true,
            "propertiesMap": null,
            "dataSeriesTemplates": null,
            "applicationReference": {
                "applicationName": "Server & Infrastructure Monitoring",
                "entityType": "APPLICATION",
                "entityName": "Server & Infrastructure Monitoring",
                "scopingEntityType": null,
                "scopingEntityName": null,
                "subtype": null
            },
            "entityReferences": [
                {
                    "applicationName": "Server & Infrastructure Monitoring",
                    "entityType": "POLICY",
                    "entityName": "BO_MesaT_Swap",
                    "scopingEntityType": null,
                    "scopingEntityName": null,
                    "subtype": null
                }
            ],
            "entityType": "POLICY",
            "entitySelectionType": "SPECIFIED",
            "iconSize": 18,
            "iconPosition": "LEFT",
            "showSearchBox": false,
            "showList": false,
            "showListHeader": false,
            "showBarPie": false,
            "showPie": true,
            "innerRadius": 0,
            "aggregationType": "RATIO"
        }
    ],
    "warRoom": false,
    "template": false
}