{
    "schemaVersion": null,
    "dashboardFormatVersion": "4.0",
    "name": "Periodo Promocional RETEK",
    "description": null,
    "properties": null,
    "templateEntityType": "APPLICATION_COMPONENT_NODE",
    "associatedEntityTemplates": null,
    "minutesBeforeAnchorTime": -1,
    "startDate": null,
    "endDate": null,
    "refreshInterval": 120000,
    "backgroundColor": 15856629,
    "color": 15856629,
    "height": 768,
    "width": 2048,
    "canvasType": "CANVAS_TYPE_ABSOLUTE",
    "layoutType": "",
    "widgetTemplates": [
        {
            "widgetType": "TextWidget",
            "title": null,
            "height": 50,
            "width": 200,
            "minHeight": 0,
            "minWidth": 0,
            "x": 201,
            "y": 81,
            "label": null,
            "description": null,
            "drillDownUrl": null,
            "useMetricBrowserAsDrillDown": false,
            "drillDownActionType": null,
            "backgroundColor": 16777215,
            "backgroundColors": null,
            "backgroundColorsStr": "16777215,16777215",
            "color": 1646891,
            "fontSize": 16,
            "useAutomaticFontSize": false,
            "borderEnabled": false,
            "borderThickness": 0,
            "borderColor": 14408667,
            "backgroundAlpha": 1,
            "showValues": false,
            "formatNumber": null,
            "numDecimals": 0,
            "removeZeros": null,
            "compactMode": false,
            "showTimeRange": false,
            "renderIn3D": false,
            "showLegend": null,
            "legendPosition": null,
            "legendColumnCount": null,
            "startTime": null,
            "endTime": null,
            "minutesBeforeAnchorTime": 15,
            "isGlobal": true,
            "propertiesMap": null,
            "dataSeriesTemplates": null,
            "text": "<strong>Diario</strong>",
            "textAlign": "CENTER",
            "margin": 4
        },
        {
            "widgetType": "TextWidget",
            "title": null,
            "height": 50,
            "width": 200,
            "minHeight": 0,
            "minWidth": 0,
            "x": 198,
            "y": 330,
            "label": null,
            "description": null,
            "drillDownUrl": null,
            "useMetricBrowserAsDrillDown": false,
            "drillDownActionType": null,
            "backgroundColor": 16777215,
            "backgroundColors": null,
            "backgroundColorsStr": "16777215,16777215",
            "color": 1646891,
            "fontSize": 16,
            "useAutomaticFontSize": false,
            "borderEnabled": false,
            "borderThickness": 0,
            "borderColor": 14408667,
            "backgroundAlpha": 1,
            "showValues": false,
            "formatNumber": null,
            "numDecimals": 0,
            "removeZeros": null,
            "compactMode": false,
            "showTimeRange": false,
            "renderIn3D": false,
            "showLegend": null,
            "legendPosition": null,
            "legendColumnCount": null,
            "startTime": null,
            "endTime": null,
            "minutesBeforeAnchorTime": 15,
            "isGlobal": true,
            "propertiesMap": null,
            "dataSeriesTemplates": null,
            "text": "<strong>Periodo Promocional</strong>",
            "textAlign": "CENTER",
            "margin": 4
        },
        {
            "widgetType": "MetricLabelWidget",
            "title": null,
            "height": 100,
            "width": 200,
            "minHeight": 0,
            "minWidth": 0,
            "x": 201,
            "y": 131,
            "label": null,
            "description": null,
            "drillDownUrl": null,
            "useMetricBrowserAsDrillDown": true,
            "drillDownActionType": null,
            "backgroundColor": 16777215,
            "backgroundColors": null,
            "backgroundColorsStr": "16777215,16777215",
            "color": 1646891,
            "fontSize": 12,
            "useAutomaticFontSize": true,
            "borderEnabled": false,
            "borderThickness": 0,
            "borderColor": 14408667,
            "backgroundAlpha": 1,
            "showValues": false,
            "formatNumber": true,
            "numDecimals": 2,
            "removeZeros": true,
            "compactMode": false,
            "showTimeRange": false,
            "renderIn3D": false,
            "showLegend": null,
            "legendPosition": null,
            "legendColumnCount": null,
            "startTime": null,
            "endTime": null,
            "minutesBeforeAnchorTime": 15,
            "isGlobal": true,
            "propertiesMap": null,
            "dataSeriesTemplates": [
                {
                    "seriesType": "LINE",
                    "metricType": "OTHER",
                    "showRawMetricName": false,
                    "colorPalette": null,
                    "name": "Series 0",
                    "metricMatchCriteriaTemplate": {
                        "entityMatchCriteria": null,
                        "metricExpressionTemplate": {
                            "metricExpressionType": "Absolute",
                            "functionType": "VALUE",
                            "displayName": "null",
                            "inputMetricText": false,
                            "inputMetricPath": null,
                            "metricPath": "Analytics|FoliosPromociones_Retek",
                            "scopeEntity": {
                                "applicationName": "AppDynamics Analytics-2",
                                "entityType": "APPLICATION",
                                "entityName": "AppDynamics Analytics-2",
                                "scopingEntityType": null,
                                "scopingEntityName": null,
                                "subtype": null
                            }
                        },
                        "rollupMetricData": true,
                        "expressionString": null,
                        "useActiveBaseline": false,
                        "sortResultsAscending": false,
                        "maxResults": 20,
                        "evaluationScopeType": null,
                        "baselineName": null,
                        "applicationName": "AppDynamics Analytics-2",
                        "metricDisplayNameStyle": "DISPLAY_STYLE_AUTO",
                        "metricDisplayNameCustomFormat": null
                    },
                    "axisPosition": null
                }
            ],
            "text": null,
            "textAlign": "RIGHT",
            "margin": 15,
            "showLabel": false
        },
        {
            "widgetType": "MetricLabelWidget",
            "title": null,
            "height": 100,
            "width": 200,
            "minHeight": 0,
            "minWidth": 0,
            "x": 198,
            "y": 381,
            "label": null,
            "description": null,
            "drillDownUrl": null,
            "useMetricBrowserAsDrillDown": true,
            "drillDownActionType": null,
            "backgroundColor": 16777215,
            "backgroundColors": null,
            "backgroundColorsStr": "16777215,16777215",
            "color": 1646891,
            "fontSize": 12,
            "useAutomaticFontSize": true,
            "borderEnabled": false,
            "borderThickness": 0,
            "borderColor": 14408667,
            "backgroundAlpha": 1,
            "showValues": false,
            "formatNumber": true,
            "numDecimals": 2,
            "removeZeros": true,
            "compactMode": false,
            "showTimeRange": false,
            "renderIn3D": false,
            "showLegend": null,
            "legendPosition": null,
            "legendColumnCount": null,
            "startTime": null,
            "endTime": null,
            "minutesBeforeAnchorTime": 15,
            "isGlobal": true,
            "propertiesMap": null,
            "dataSeriesTemplates": [
                {
                    "seriesType": "LINE",
                    "metricType": "OTHER",
                    "showRawMetricName": false,
                    "colorPalette": null,
                    "name": "Series 0",
                    "metricMatchCriteriaTemplate": {
                        "entityMatchCriteria": null,
                        "metricExpressionTemplate": {
                            "metricExpressionType": "Absolute",
                            "functionType": "VALUE",
                            "displayName": "null",
                            "inputMetricText": false,
                            "inputMetricPath": null,
                            "metricPath": "Analytics|FoliosPromociones_Retek",
                            "scopeEntity": {
                                "applicationName": "AppDynamics Analytics-2",
                                "entityType": "APPLICATION",
                                "entityName": "AppDynamics Analytics-2",
                                "scopingEntityType": null,
                                "scopingEntityName": null,
                                "subtype": null
                            }
                        },
                        "rollupMetricData": true,
                        "expressionString": null,
                        "useActiveBaseline": false,
                        "sortResultsAscending": false,
                        "maxResults": 20,
                        "evaluationScopeType": null,
                        "baselineName": null,
                        "applicationName": "AppDynamics Analytics-2",
                        "metricDisplayNameStyle": "DISPLAY_STYLE_AUTO",
                        "metricDisplayNameCustomFormat": null
                    },
                    "axisPosition": null
                }
            ],
            "text": null,
            "textAlign": "RIGHT",
            "margin": 15,
            "showLabel": false
        },
        {
            "widgetType": "HealthListWidget",
            "title": null,
            "height": 58,
            "width": 68,
            "minHeight": 0,
            "minWidth": 0,
            "x": 201,
            "y": 167,
            "label": null,
            "description": null,
            "drillDownUrl": null,
            "useMetricBrowserAsDrillDown": false,
            "drillDownActionType": null,
            "backgroundColor": 16777215,
            "backgroundColors": null,
            "backgroundColorsStr": "16777215,16777215",
            "color": 1646891,
            "fontSize": 12,
            "useAutomaticFontSize": false,
            "borderEnabled": false,
            "borderThickness": 0,
            "borderColor": 14408667,
            "backgroundAlpha": 0,
            "showValues": false,
            "formatNumber": null,
            "numDecimals": 0,
            "removeZeros": null,
            "compactMode": false,
            "showTimeRange": false,
            "renderIn3D": false,
            "showLegend": null,
            "legendPosition": null,
            "legendColumnCount": null,
            "startTime": null,
            "endTime": null,
            "minutesBeforeAnchorTime": 15,
            "isGlobal": true,
            "propertiesMap": null,
            "dataSeriesTemplates": null,
            "applicationReference": {
                "applicationName": "AppDynamics Analytics-2",
                "entityType": "APPLICATION",
                "entityName": "AppDynamics Analytics-2",
                "scopingEntityType": null,
                "scopingEntityName": null,
                "subtype": null
            },
            "entityReferences": [
                {
                    "applicationName": "AppDynamics Analytics-2",
                    "entityType": "POLICY",
                    "entityName": "periodoPromocionalRetek",
                    "scopingEntityType": null,
                    "scopingEntityName": null,
                    "subtype": null
                }
            ],
            "entityType": "POLICY",
            "entitySelectionType": "SPECIFIED",
            "iconSize": 18,
            "iconPosition": "LEFT",
            "showSearchBox": false,
            "showList": false,
            "showListHeader": false,
            "showBarPie": false,
            "showPie": true,
            "innerRadius": 0,
            "aggregationType": "RATIO"
        },
        {
            "widgetType": "HealthListWidget",
            "title": null,
            "height": 58,
            "width": 68,
            "minHeight": 0,
            "minWidth": 0,
            "x": 201,
            "y": 420,
            "label": null,
            "description": null,
            "drillDownUrl": null,
            "useMetricBrowserAsDrillDown": false,
            "drillDownActionType": null,
            "backgroundColor": 16777215,
            "backgroundColors": null,
            "backgroundColorsStr": "16777215,16777215",
            "color": 1646891,
            "fontSize": 12,
            "useAutomaticFontSize": false,
            "borderEnabled": false,
            "borderThickness": 0,
            "borderColor": 14408667,
            "backgroundAlpha": 0,
            "showValues": false,
            "formatNumber": null,
            "numDecimals": 0,
            "removeZeros": null,
            "compactMode": false,
            "showTimeRange": false,
            "renderIn3D": false,
            "showLegend": null,
            "legendPosition": null,
            "legendColumnCount": null,
            "startTime": null,
            "endTime": null,
            "minutesBeforeAnchorTime": 15,
            "isGlobal": true,
            "propertiesMap": null,
            "dataSeriesTemplates": null,
            "applicationReference": {
                "applicationName": "AppDynamics Analytics-2",
                "entityType": "APPLICATION",
                "entityName": "AppDynamics Analytics-2",
                "scopingEntityType": null,
                "scopingEntityName": null,
                "subtype": null
            },
            "entityReferences": [
                {
                    "applicationName": "AppDynamics Analytics-2",
                    "entityType": "POLICY",
                    "entityName": "periodoPromocionalRetek",
                    "scopingEntityType": null,
                    "scopingEntityName": null,
                    "subtype": null
                }
            ],
            "entityType": "POLICY",
            "entitySelectionType": "SPECIFIED",
            "iconSize": 18,
            "iconPosition": "LEFT",
            "showSearchBox": false,
            "showList": false,
            "showListHeader": false,
            "showBarPie": false,
            "showPie": true,
            "innerRadius": 0,
            "aggregationType": "RATIO"
        },
        {
            "widgetType": "TextWidget",
            "title": null,
            "height": 50,
            "width": 200,
            "minHeight": 0,
            "minWidth": 0,
            "x": 200,
            "y": 30,
            "label": null,
            "description": null,
            "drillDownUrl": null,
            "useMetricBrowserAsDrillDown": false,
            "drillDownActionType": null,
            "backgroundColor": 16777215,
            "backgroundColors": null,
            "backgroundColorsStr": "16777215,16777215",
            "color": 1646891,
            "fontSize": 16,
            "useAutomaticFontSize": false,
            "borderEnabled": false,
            "borderThickness": 0,
            "borderColor": 14408667,
            "backgroundAlpha": 1,
            "showValues": false,
            "formatNumber": null,
            "numDecimals": 0,
            "removeZeros": null,
            "compactMode": false,
            "showTimeRange": false,
            "renderIn3D": false,
            "showLegend": null,
            "legendPosition": null,
            "legendColumnCount": null,
            "startTime": null,
            "endTime": null,
            "minutesBeforeAnchorTime": 15,
            "isGlobal": true,
            "propertiesMap": null,
            "dataSeriesTemplates": null,
            "text": "<strong>Folios Promociones</strong>",
            "textAlign": "CENTER",
            "margin": 4
        }
    ],
    "warRoom": false,
    "template": false
}