{
    "schemaVersion": null,
    "dashboardFormatVersion": "4.0",
    "name": "TAE Disminución de transacciones exitosas",
    "description": null,
    "properties": null,
    "templateEntityType": "APPLICATION_COMPONENT_NODE",
    "associatedEntityTemplates": null,
    "minutesBeforeAnchorTime": -1,
    "startDate": null,
    "endDate": null,
    "refreshInterval": 60000,
    "backgroundColor": 15856629,
    "color": 15856629,
    "height": 1280,
    "width": 1620,
    "canvasType": "CANVAS_TYPE_ABSOLUTE",
    "layoutType": "",
    "widgetTemplates": [
        {
            "widgetType": "GraphWidget",
            "title": "Decremento Porcentual Minuto \"Ultimos 30 Minutos\"",
            "height": 338,
            "width": 774,
            "minHeight": 0,
            "minWidth": 0,
            "x": 5,
            "y": 146,
            "label": null,
            "description": null,
            "drillDownUrl": null,
            "useMetricBrowserAsDrillDown": true,
            "drillDownActionType": null,
            "backgroundColor": 16777215,
            "backgroundColors": null,
            "backgroundColorsStr": "16777215,16777215",
            "color": 1646891,
            "fontSize": 12,
            "useAutomaticFontSize": false,
            "borderEnabled": false,
            "borderThickness": 0,
            "borderColor": 14408667,
            "backgroundAlpha": 1,
            "showValues": false,
            "formatNumber": true,
            "numDecimals": 0,
            "removeZeros": true,
            "compactMode": false,
            "showTimeRange": false,
            "renderIn3D": false,
            "showLegend": true,
            "legendPosition": "POSITION_BOTTOM",
            "legendColumnCount": 2,
            "startTime": -1,
            "endTime": -1,
            "minutesBeforeAnchorTime": -1,
            "isGlobal": true,
            "propertiesMap": null,
            "dataSeriesTemplates": [
                {
                    "seriesType": "LINE",
                    "metricType": null,
                    "showRawMetricName": false,
                    "colorPalette": null,
                    "name": "Series 1",
                    "metricMatchCriteriaTemplate": {
                        "entityMatchCriteria": {
                            "matchCriteriaType": "SpecificEntities",
                            "entityType": "DB_SERVER",
                            "agentTypes": null,
                            "entityNames": [],
                            "summary": false
                        },
                        "metricExpressionTemplate": {
                            "metricExpressionType": "Boolean",
                            "operator": {
                                "type": "MINUS"
                            },
                            "expression1": {
                                "metricExpressionType": "Literal",
                                "literalValue": 100
                            },
                            "expression2": {
                                "metricExpressionType": "Boolean",
                                "operator": {
                                    "type": "MULTIPLY"
                                },
                                "expression1": {
                                    "metricExpressionType": "Boolean",
                                    "operator": {
                                        "type": "DIVIDE"
                                    },
                                    "expression1": {
                                        "metricExpressionType": "Logical",
                                        "functionType": "CURRENT",
                                        "displayName": "unMinutoAntes",
                                        "inputMetricText": false,
                                        "inputMetricPath": null,
                                        "relativeMetricPath": "DB|Custom Metric|taeTransacciones1MA"
                                    },
                                    "expression2": {
                                        "metricExpressionType": "Logical",
                                        "functionType": "CURRENT",
                                        "displayName": "dosMinutosAntes",
                                        "inputMetricText": false,
                                        "inputMetricPath": null,
                                        "relativeMetricPath": "DB|Custom Metric|taeTransacciones2MA"
                                    }
                                },
                                "expression2": {
                                    "metricExpressionType": "Literal",
                                    "literalValue": 100
                                }
                            }
                        },
                        "rollupMetricData": false,
                        "expressionString": "100-({unMinutoAntes}/{dosMinutosAntes})*100",
                        "useActiveBaseline": false,
                        "sortResultsAscending": false,
                        "maxResults": 20,
                        "evaluationScopeType": null,
                        "baselineName": null,
                        "applicationName": "Database Monitoring",
                        "metricDisplayNameStyle": "DISPLAY_STYLE_AUTO",
                        "metricDisplayNameCustomFormat": null
                    },
                    "axisPosition": "LEFT"
                }
            ],
            "verticalAxisLabel": null,
            "hideHorizontalAxis": null,
            "horizontalAxisLabel": null,
            "axisType": "LINEAR",
            "stackMode": null,
            "multipleYAxis": null,
            "customVerticalAxisMin": null,
            "customVerticalAxisMax": null,
            "showEvents": null,
            "interpolateDataGaps": false,
            "showAllTooltips": null,
            "staticThresholdList": [
                {
                    "value": 50,
                    "color": 16711680,
                    "name": null
                },
                {
                    "value": 25,
                    "color": 16776960,
                    "name": null
                }
            ],
            "eventFilterTemplate": null
        },
        {
            "widgetType": "GraphWidget",
            "title": "Transacciones minuto uno y minuto dos",
            "height": 335,
            "width": 785,
            "minHeight": 0,
            "minWidth": 0,
            "x": 830,
            "y": 147,
            "label": null,
            "description": null,
            "drillDownUrl": null,
            "useMetricBrowserAsDrillDown": true,
            "drillDownActionType": null,
            "backgroundColor": 16777215,
            "backgroundColors": null,
            "backgroundColorsStr": "16777215,16777215",
            "color": 1646891,
            "fontSize": 12,
            "useAutomaticFontSize": false,
            "borderEnabled": false,
            "borderThickness": 0,
            "borderColor": 14408667,
            "backgroundAlpha": 1,
            "showValues": false,
            "formatNumber": true,
            "numDecimals": 0,
            "removeZeros": true,
            "compactMode": false,
            "showTimeRange": false,
            "renderIn3D": false,
            "showLegend": true,
            "legendPosition": "POSITION_BOTTOM",
            "legendColumnCount": 2,
            "startTime": null,
            "endTime": null,
            "minutesBeforeAnchorTime": 15,
            "isGlobal": true,
            "propertiesMap": null,
            "dataSeriesTemplates": [
                {
                    "seriesType": "LINE",
                    "metricType": null,
                    "showRawMetricName": false,
                    "colorPalette": null,
                    "name": "Series 1",
                    "metricMatchCriteriaTemplate": {
                        "entityMatchCriteria": {
                            "matchCriteriaType": "SpecificEntities",
                            "entityType": "DB_SERVER",
                            "agentTypes": null,
                            "entityNames": [],
                            "summary": false
                        },
                        "metricExpressionTemplate": {
                            "metricExpressionType": "Logical",
                            "functionType": "CURRENT",
                            "displayName": "null",
                            "inputMetricText": false,
                            "inputMetricPath": null,
                            "relativeMetricPath": "DB|Custom Metric|taeTransacciones1MA"
                        },
                        "rollupMetricData": false,
                        "expressionString": null,
                        "useActiveBaseline": false,
                        "sortResultsAscending": false,
                        "maxResults": 20,
                        "evaluationScopeType": null,
                        "baselineName": null,
                        "applicationName": "Database Monitoring",
                        "metricDisplayNameStyle": "DISPLAY_STYLE_AUTO",
                        "metricDisplayNameCustomFormat": null
                    },
                    "axisPosition": "LEFT"
                },
                {
                    "seriesType": "LINE",
                    "metricType": null,
                    "showRawMetricName": false,
                    "colorPalette": null,
                    "name": "Series 2",
                    "metricMatchCriteriaTemplate": {
                        "entityMatchCriteria": {
                            "matchCriteriaType": "SpecificEntities",
                            "entityType": "DB_SERVER",
                            "agentTypes": null,
                            "entityNames": [],
                            "summary": false
                        },
                        "metricExpressionTemplate": {
                            "metricExpressionType": "Logical",
                            "functionType": "CURRENT",
                            "displayName": "null",
                            "inputMetricText": false,
                            "inputMetricPath": null,
                            "relativeMetricPath": "DB|Custom Metric|taeTransacciones2MA"
                        },
                        "rollupMetricData": false,
                        "expressionString": null,
                        "useActiveBaseline": false,
                        "sortResultsAscending": false,
                        "maxResults": 20,
                        "evaluationScopeType": null,
                        "baselineName": null,
                        "applicationName": "Database Monitoring",
                        "metricDisplayNameStyle": "DISPLAY_STYLE_AUTO",
                        "metricDisplayNameCustomFormat": null
                    },
                    "axisPosition": null
                }
            ],
            "verticalAxisLabel": null,
            "hideHorizontalAxis": null,
            "horizontalAxisLabel": null,
            "axisType": "LINEAR",
            "stackMode": null,
            "multipleYAxis": null,
            "customVerticalAxisMin": null,
            "customVerticalAxisMax": null,
            "showEvents": null,
            "interpolateDataGaps": true,
            "showAllTooltips": null,
            "staticThresholdList": [],
            "eventFilterTemplate": null
        },
        {
            "widgetType": "GraphWidget",
            "title": "Switch Redo Write Time",
            "height": 335,
            "width": 775,
            "minHeight": 0,
            "minWidth": 0,
            "x": 5,
            "y": 540,
            "label": null,
            "description": null,
            "drillDownUrl": null,
            "useMetricBrowserAsDrillDown": true,
            "drillDownActionType": null,
            "backgroundColor": 16777215,
            "backgroundColors": null,
            "backgroundColorsStr": "16777215,16777215",
            "color": 1646891,
            "fontSize": 12,
            "useAutomaticFontSize": false,
            "borderEnabled": false,
            "borderThickness": 0,
            "borderColor": 14408667,
            "backgroundAlpha": 1,
            "showValues": false,
            "formatNumber": true,
            "numDecimals": 0,
            "removeZeros": true,
            "compactMode": false,
            "showTimeRange": false,
            "renderIn3D": false,
            "showLegend": false,
            "legendPosition": "POSITION_BOTTOM",
            "legendColumnCount": 2,
            "startTime": null,
            "endTime": null,
            "minutesBeforeAnchorTime": 15,
            "isGlobal": true,
            "propertiesMap": null,
            "dataSeriesTemplates": [
                {
                    "seriesType": "LINE",
                    "metricType": null,
                    "showRawMetricName": false,
                    "colorPalette": null,
                    "name": "Series 1",
                    "metricMatchCriteriaTemplate": {
                        "entityMatchCriteria": {
                            "matchCriteriaType": "SpecificEntities",
                            "entityType": "DB_SERVER",
                            "agentTypes": null,
                            "entityNames": [],
                            "summary": false
                        },
                        "metricExpressionTemplate": {
                            "metricExpressionType": "Logical",
                            "functionType": "VALUE",
                            "displayName": "null",
                            "inputMetricText": false,
                            "inputMetricPath": null,
                            "relativeMetricPath": "DB|Server Statistic|redo write time"
                        },
                        "rollupMetricData": false,
                        "expressionString": null,
                        "useActiveBaseline": false,
                        "sortResultsAscending": false,
                        "maxResults": 20,
                        "evaluationScopeType": null,
                        "baselineName": null,
                        "applicationName": "Database Monitoring",
                        "metricDisplayNameStyle": "DISPLAY_STYLE_AUTO",
                        "metricDisplayNameCustomFormat": null
                    },
                    "axisPosition": "LEFT"
                }
            ],
            "verticalAxisLabel": null,
            "hideHorizontalAxis": null,
            "horizontalAxisLabel": null,
            "axisType": "LINEAR",
            "stackMode": null,
            "multipleYAxis": null,
            "customVerticalAxisMin": null,
            "customVerticalAxisMax": null,
            "showEvents": null,
            "interpolateDataGaps": true,
            "showAllTooltips": null,
            "staticThresholdList": [],
            "eventFilterTemplate": null
        },
        {
            "widgetType": "TextWidget",
            "title": null,
            "height": 133,
            "width": 1618,
            "minHeight": 0,
            "minWidth": 0,
            "x": 0,
            "y": 0,
            "label": null,
            "description": null,
            "drillDownUrl": null,
            "useMetricBrowserAsDrillDown": false,
            "drillDownActionType": null,
            "backgroundColor": 16777215,
            "backgroundColors": null,
            "backgroundColorsStr": "16777215,16777215",
            "color": 1646891,
            "fontSize": 28,
            "useAutomaticFontSize": false,
            "borderEnabled": false,
            "borderThickness": 0,
            "borderColor": 14408667,
            "backgroundAlpha": 1,
            "showValues": false,
            "formatNumber": true,
            "numDecimals": 0,
            "removeZeros": true,
            "compactMode": false,
            "showTimeRange": false,
            "renderIn3D": false,
            "showLegend": null,
            "legendPosition": null,
            "legendColumnCount": null,
            "startTime": null,
            "endTime": null,
            "minutesBeforeAnchorTime": 15,
            "isGlobal": true,
            "propertiesMap": null,
            "dataSeriesTemplates": null,
            "text": "TAE",
            "textAlign": "CENTER",
            "margin": 4
        },
        {
            "widgetType": "TextWidget",
            "title": null,
            "height": 50,
            "width": 200,
            "minHeight": 0,
            "minWidth": 0,
            "x": 321,
            "y": 27,
            "label": null,
            "description": null,
            "drillDownUrl": null,
            "useMetricBrowserAsDrillDown": false,
            "drillDownActionType": null,
            "backgroundColor": 16777215,
            "backgroundColors": null,
            "backgroundColorsStr": "16777215,16777215",
            "color": 1646891,
            "fontSize": 24,
            "useAutomaticFontSize": false,
            "borderEnabled": false,
            "borderThickness": 0,
            "borderColor": 14408667,
            "backgroundAlpha": 0,
            "showValues": false,
            "formatNumber": true,
            "numDecimals": 0,
            "removeZeros": true,
            "compactMode": false,
            "showTimeRange": false,
            "renderIn3D": false,
            "showLegend": null,
            "legendPosition": null,
            "legendColumnCount": null,
            "startTime": null,
            "endTime": null,
            "minutesBeforeAnchorTime": 15,
            "isGlobal": true,
            "propertiesMap": null,
            "dataSeriesTemplates": null,
            "text": "Disponibilidad",
            "textAlign": "CENTER",
            "margin": 4
        },
        {
            "widgetType": "GraphWidget",
            "title": "TAE Redo Write Time",
            "height": 335,
            "width": 775,
            "minHeight": 0,
            "minWidth": 0,
            "x": 830,
            "y": 540,
            "label": null,
            "description": null,
            "drillDownUrl": null,
            "useMetricBrowserAsDrillDown": true,
            "drillDownActionType": null,
            "backgroundColor": 16777215,
            "backgroundColors": null,
            "backgroundColorsStr": "16777215,16777215",
            "color": 1646891,
            "fontSize": 12,
            "useAutomaticFontSize": false,
            "borderEnabled": false,
            "borderThickness": 0,
            "borderColor": 14408667,
            "backgroundAlpha": 1,
            "showValues": false,
            "formatNumber": true,
            "numDecimals": 0,
            "removeZeros": true,
            "compactMode": false,
            "showTimeRange": false,
            "renderIn3D": false,
            "showLegend": false,
            "legendPosition": "POSITION_BOTTOM",
            "legendColumnCount": 2,
            "startTime": null,
            "endTime": null,
            "minutesBeforeAnchorTime": 15,
            "isGlobal": true,
            "propertiesMap": null,
            "dataSeriesTemplates": [
                {
                    "seriesType": "LINE",
                    "metricType": null,
                    "showRawMetricName": false,
                    "colorPalette": null,
                    "name": "Series 1",
                    "metricMatchCriteriaTemplate": {
                        "entityMatchCriteria": {
                            "matchCriteriaType": "SpecificEntities",
                            "entityType": "DB_SERVER",
                            "agentTypes": null,
                            "entityNames": [],
                            "summary": false
                        },
                        "metricExpressionTemplate": {
                            "metricExpressionType": "Logical",
                            "functionType": "VALUE",
                            "displayName": "null",
                            "inputMetricText": false,
                            "inputMetricPath": null,
                            "relativeMetricPath": "DB|Server Statistic|redo write time"
                        },
                        "rollupMetricData": false,
                        "expressionString": null,
                        "useActiveBaseline": false,
                        "sortResultsAscending": false,
                        "maxResults": 20,
                        "evaluationScopeType": null,
                        "baselineName": null,
                        "applicationName": "Database Monitoring",
                        "metricDisplayNameStyle": "DISPLAY_STYLE_AUTO",
                        "metricDisplayNameCustomFormat": null
                    },
                    "axisPosition": "LEFT"
                }
            ],
            "verticalAxisLabel": null,
            "hideHorizontalAxis": null,
            "horizontalAxisLabel": null,
            "axisType": "LINEAR",
            "stackMode": null,
            "multipleYAxis": null,
            "customVerticalAxisMin": null,
            "customVerticalAxisMax": null,
            "showEvents": null,
            "interpolateDataGaps": true,
            "showAllTooltips": null,
            "staticThresholdList": [],
            "eventFilterTemplate": null
        },
        {
            "widgetType": "GraphWidget",
            "title": "un minuto antes menos dos minutos antes",
            "height": 335,
            "width": 782,
            "minHeight": 0,
            "minWidth": 0,
            "x": 833,
            "y": 926,
            "label": null,
            "description": null,
            "drillDownUrl": null,
            "useMetricBrowserAsDrillDown": true,
            "drillDownActionType": null,
            "backgroundColor": 16777215,
            "backgroundColors": null,
            "backgroundColorsStr": "16777215,16777215",
            "color": 1646891,
            "fontSize": 12,
            "useAutomaticFontSize": false,
            "borderEnabled": false,
            "borderThickness": 0,
            "borderColor": 14408667,
            "backgroundAlpha": 1,
            "showValues": false,
            "formatNumber": true,
            "numDecimals": 0,
            "removeZeros": true,
            "compactMode": false,
            "showTimeRange": false,
            "renderIn3D": false,
            "showLegend": true,
            "legendPosition": "POSITION_BOTTOM",
            "legendColumnCount": 2,
            "startTime": null,
            "endTime": null,
            "minutesBeforeAnchorTime": 15,
            "isGlobal": true,
            "propertiesMap": null,
            "dataSeriesTemplates": [
                {
                    "seriesType": "COLUMN",
                    "metricType": null,
                    "showRawMetricName": false,
                    "colorPalette": null,
                    "name": "Series 1",
                    "metricMatchCriteriaTemplate": {
                        "entityMatchCriteria": {
                            "matchCriteriaType": "SpecificEntities",
                            "entityType": "DB_SERVER",
                            "agentTypes": null,
                            "entityNames": [],
                            "summary": false
                        },
                        "metricExpressionTemplate": {
                            "metricExpressionType": "Boolean",
                            "operator": {
                                "type": "MINUS"
                            },
                            "expression1": {
                                "metricExpressionType": "Logical",
                                "functionType": "VALUE",
                                "displayName": "unMinutoAntes",
                                "inputMetricText": false,
                                "inputMetricPath": null,
                                "relativeMetricPath": "DB|Custom Metric|taeTransacciones1MA"
                            },
                            "expression2": {
                                "metricExpressionType": "Logical",
                                "functionType": "VALUE",
                                "displayName": "dosMinutosAntes",
                                "inputMetricText": false,
                                "inputMetricPath": null,
                                "relativeMetricPath": "DB|Custom Metric|taeTransacciones2MA"
                            }
                        },
                        "rollupMetricData": false,
                        "expressionString": "{unMinutoAntes}-{dosMinutosAntes}",
                        "useActiveBaseline": false,
                        "sortResultsAscending": false,
                        "maxResults": 20,
                        "evaluationScopeType": null,
                        "baselineName": null,
                        "applicationName": "Database Monitoring",
                        "metricDisplayNameStyle": "DISPLAY_STYLE_AUTO",
                        "metricDisplayNameCustomFormat": null
                    },
                    "axisPosition": "LEFT"
                }
            ],
            "verticalAxisLabel": null,
            "hideHorizontalAxis": null,
            "horizontalAxisLabel": null,
            "axisType": "LINEAR",
            "stackMode": null,
            "multipleYAxis": null,
            "customVerticalAxisMin": null,
            "customVerticalAxisMax": null,
            "showEvents": null,
            "interpolateDataGaps": false,
            "showAllTooltips": null,
            "staticThresholdList": [],
            "eventFilterTemplate": null
        },
        {
            "widgetType": "MetricLabelWidget",
            "title": null,
            "height": 52,
            "width": 102,
            "minHeight": 0,
            "minWidth": 0,
            "x": 603,
            "y": 148,
            "label": null,
            "description": null,
            "drillDownUrl": null,
            "useMetricBrowserAsDrillDown": true,
            "drillDownActionType": null,
            "backgroundColor": 16777215,
            "backgroundColors": null,
            "backgroundColorsStr": "16777215,16777215",
            "color": 1646891,
            "fontSize": 12,
            "useAutomaticFontSize": true,
            "borderEnabled": false,
            "borderThickness": 0,
            "borderColor": 14408667,
            "backgroundAlpha": 0,
            "showValues": false,
            "formatNumber": true,
            "numDecimals": 2,
            "removeZeros": true,
            "compactMode": false,
            "showTimeRange": false,
            "renderIn3D": false,
            "showLegend": null,
            "legendPosition": null,
            "legendColumnCount": null,
            "startTime": 0,
            "endTime": 0,
            "minutesBeforeAnchorTime": 5,
            "isGlobal": false,
            "propertiesMap": null,
            "dataSeriesTemplates": [
                {
                    "seriesType": "LINE",
                    "metricType": null,
                    "showRawMetricName": false,
                    "colorPalette": null,
                    "name": "Series 0",
                    "metricMatchCriteriaTemplate": {
                        "entityMatchCriteria": {
                            "matchCriteriaType": "SpecificEntities",
                            "entityType": "DB_SERVER",
                            "agentTypes": null,
                            "entityNames": [],
                            "summary": false
                        },
                        "metricExpressionTemplate": {
                            "metricExpressionType": "Boolean",
                            "operator": {
                                "type": "MINUS"
                            },
                            "expression1": {
                                "metricExpressionType": "Literal",
                                "literalValue": 100
                            },
                            "expression2": {
                                "metricExpressionType": "Boolean",
                                "operator": {
                                    "type": "MULTIPLY"
                                },
                                "expression1": {
                                    "metricExpressionType": "Boolean",
                                    "operator": {
                                        "type": "DIVIDE"
                                    },
                                    "expression1": {
                                        "metricExpressionType": "Logical",
                                        "functionType": "CURRENT",
                                        "displayName": "unMinutoAntes",
                                        "inputMetricText": false,
                                        "inputMetricPath": null,
                                        "relativeMetricPath": "DB|Custom Metric|taeTransacciones1MA"
                                    },
                                    "expression2": {
                                        "metricExpressionType": "Logical",
                                        "functionType": "CURRENT",
                                        "displayName": "dosMinutosAntes",
                                        "inputMetricText": false,
                                        "inputMetricPath": null,
                                        "relativeMetricPath": "DB|Custom Metric|taeTransacciones2MA"
                                    }
                                },
                                "expression2": {
                                    "metricExpressionType": "Literal",
                                    "literalValue": 100
                                }
                            }
                        },
                        "rollupMetricData": true,
                        "expressionString": "100-({unMinutoAntes}/{dosMinutosAntes})*100",
                        "useActiveBaseline": false,
                        "sortResultsAscending": false,
                        "maxResults": 20,
                        "evaluationScopeType": null,
                        "baselineName": null,
                        "applicationName": "Database Monitoring",
                        "metricDisplayNameStyle": "DISPLAY_STYLE_AUTO",
                        "metricDisplayNameCustomFormat": null
                    },
                    "axisPosition": null
                }
            ],
            "text": null,
            "textAlign": "RIGHT",
            "margin": 15,
            "showLabel": false
        },
        {
            "widgetType": "GraphWidget",
            "title": "Conexiones",
            "height": 333,
            "width": 777,
            "minHeight": 0,
            "minWidth": 0,
            "x": 4,
            "y": 928,
            "label": null,
            "description": null,
            "drillDownUrl": null,
            "useMetricBrowserAsDrillDown": true,
            "drillDownActionType": null,
            "backgroundColor": 16777215,
            "backgroundColors": null,
            "backgroundColorsStr": "16777215,16777215",
            "color": 1646891,
            "fontSize": 12,
            "useAutomaticFontSize": false,
            "borderEnabled": false,
            "borderThickness": 0,
            "borderColor": 14408667,
            "backgroundAlpha": 1,
            "showValues": false,
            "formatNumber": true,
            "numDecimals": 0,
            "removeZeros": true,
            "compactMode": false,
            "showTimeRange": false,
            "renderIn3D": false,
            "showLegend": false,
            "legendPosition": "POSITION_BOTTOM",
            "legendColumnCount": 2,
            "startTime": null,
            "endTime": null,
            "minutesBeforeAnchorTime": 15,
            "isGlobal": true,
            "propertiesMap": null,
            "dataSeriesTemplates": [
                {
                    "seriesType": "COLUMN",
                    "metricType": null,
                    "showRawMetricName": false,
                    "colorPalette": null,
                    "name": "Series 1",
                    "metricMatchCriteriaTemplate": {
                        "entityMatchCriteria": {
                            "matchCriteriaType": "SpecificEntities",
                            "entityType": "DB_SERVER",
                            "agentTypes": null,
                            "entityNames": [],
                            "summary": false
                        },
                        "metricExpressionTemplate": {
                            "metricExpressionType": "Logical",
                            "functionType": "VALUE",
                            "displayName": "null",
                            "inputMetricText": false,
                            "inputMetricPath": null,
                            "relativeMetricPath": "DB|KPI|Number of Connections"
                        },
                        "rollupMetricData": false,
                        "expressionString": null,
                        "useActiveBaseline": false,
                        "sortResultsAscending": false,
                        "maxResults": 20,
                        "evaluationScopeType": null,
                        "baselineName": null,
                        "applicationName": "Database Monitoring",
                        "metricDisplayNameStyle": "DISPLAY_STYLE_AUTO",
                        "metricDisplayNameCustomFormat": null
                    },
                    "axisPosition": "LEFT"
                }
            ],
            "verticalAxisLabel": null,
            "hideHorizontalAxis": null,
            "horizontalAxisLabel": null,
            "axisType": "LINEAR",
            "stackMode": null,
            "multipleYAxis": null,
            "customVerticalAxisMin": null,
            "customVerticalAxisMax": null,
            "showEvents": null,
            "interpolateDataGaps": true,
            "showAllTooltips": null,
            "staticThresholdList": [],
            "eventFilterTemplate": null
        },
        {
            "widgetType": "HealthListWidget",
            "title": null,
            "height": 133,
            "width": 300,
            "minHeight": 0,
            "minWidth": 0,
            "x": 1,
            "y": 0,
            "label": null,
            "description": null,
            "drillDownUrl": null,
            "useMetricBrowserAsDrillDown": false,
            "drillDownActionType": null,
            "backgroundColor": 16777215,
            "backgroundColors": null,
            "backgroundColorsStr": "16777215,16777215",
            "color": 1646891,
            "fontSize": 12,
            "useAutomaticFontSize": false,
            "borderEnabled": false,
            "borderThickness": 0,
            "borderColor": 14408667,
            "backgroundAlpha": 0,
            "showValues": false,
            "formatNumber": null,
            "numDecimals": 0,
            "removeZeros": null,
            "compactMode": false,
            "showTimeRange": false,
            "renderIn3D": false,
            "showLegend": null,
            "legendPosition": null,
            "legendColumnCount": null,
            "startTime": null,
            "endTime": null,
            "minutesBeforeAnchorTime": 15,
            "isGlobal": true,
            "propertiesMap": null,
            "dataSeriesTemplates": null,
            "applicationReference": {
                "applicationName": "Database Monitoring",
                "entityType": "APPLICATION",
                "entityName": "Database Monitoring",
                "scopingEntityType": null,
                "scopingEntityName": null,
                "subtype": null
            },
            "entityReferences": [
                {
                    "applicationName": "Database Monitoring",
                    "entityType": "POLICY",
                    "entityName": "TAE Decremento transacciones exitosos baseline",
                    "scopingEntityType": null,
                    "scopingEntityName": null,
                    "subtype": null
                }
            ],
            "entityType": "POLICY",
            "entitySelectionType": "SPECIFIED",
            "iconSize": 18,
            "iconPosition": "LEFT",
            "showSearchBox": false,
            "showList": true,
            "showListHeader": false,
            "showBarPie": true,
            "showPie": false,
            "innerRadius": 0,
            "aggregationType": "RATIO"
        },
        {
            "widgetType": "HealthListWidget",
            "title": null,
            "height": 41,
            "width": 140,
            "minHeight": 0,
            "minWidth": 0,
            "x": 474,
            "y": 32,
            "label": null,
            "description": null,
            "drillDownUrl": null,
            "useMetricBrowserAsDrillDown": false,
            "drillDownActionType": null,
            "backgroundColor": 16777215,
            "backgroundColors": null,
            "backgroundColorsStr": "16777215,16777215",
            "color": 1646891,
            "fontSize": 12,
            "useAutomaticFontSize": false,
            "borderEnabled": false,
            "borderThickness": 0,
            "borderColor": 14408667,
            "backgroundAlpha": 0,
            "showValues": false,
            "formatNumber": null,
            "numDecimals": 0,
            "removeZeros": null,
            "compactMode": false,
            "showTimeRange": false,
            "renderIn3D": false,
            "showLegend": null,
            "legendPosition": null,
            "legendColumnCount": null,
            "startTime": null,
            "endTime": null,
            "minutesBeforeAnchorTime": 15,
            "isGlobal": true,
            "propertiesMap": null,
            "dataSeriesTemplates": null,
            "applicationReference": {
                "applicationName": "Database Monitoring",
                "entityType": "APPLICATION",
                "entityName": "Database Monitoring",
                "scopingEntityType": null,
                "scopingEntityName": null,
                "subtype": null
            },
            "entityReferences": [
                {
                    "applicationName": "Database Monitoring",
                    "entityType": "POLICY",
                    "entityName": "TAE Bases de Datos Disponibilidad",
                    "scopingEntityType": null,
                    "scopingEntityName": null,
                    "subtype": null
                }
            ],
            "entityType": "POLICY",
            "entitySelectionType": "SPECIFIED",
            "iconSize": 18,
            "iconPosition": "LEFT",
            "showSearchBox": false,
            "showList": false,
            "showListHeader": false,
            "showBarPie": false,
            "showPie": true,
            "innerRadius": 0,
            "aggregationType": "RATIO"
        },
        {
            "widgetType": "HealthListWidget",
            "title": null,
            "height": 41,
            "width": 140,
            "minHeight": 0,
            "minWidth": 0,
            "x": 663,
            "y": 149,
            "label": null,
            "description": null,
            "drillDownUrl": null,
            "useMetricBrowserAsDrillDown": false,
            "drillDownActionType": null,
            "backgroundColor": 16777215,
            "backgroundColors": null,
            "backgroundColorsStr": "16777215,16777215",
            "color": 1646891,
            "fontSize": 12,
            "useAutomaticFontSize": false,
            "borderEnabled": false,
            "borderThickness": 0,
            "borderColor": 14408667,
            "backgroundAlpha": 0,
            "showValues": false,
            "formatNumber": null,
            "numDecimals": 0,
            "removeZeros": null,
            "compactMode": false,
            "showTimeRange": false,
            "renderIn3D": false,
            "showLegend": null,
            "legendPosition": null,
            "legendColumnCount": null,
            "startTime": null,
            "endTime": null,
            "minutesBeforeAnchorTime": 15,
            "isGlobal": true,
            "propertiesMap": null,
            "dataSeriesTemplates": null,
            "applicationReference": {
                "applicationName": "Database Monitoring",
                "entityType": "APPLICATION",
                "entityName": "Database Monitoring",
                "scopingEntityType": null,
                "scopingEntityName": null,
                "subtype": null
            },
            "entityReferences": [
                {
                    "applicationName": "Database Monitoring",
                    "entityType": "POLICY",
                    "entityName": "TAE Decremento de Transacciones Exitosas",
                    "scopingEntityType": null,
                    "scopingEntityName": null,
                    "subtype": null
                }
            ],
            "entityType": "POLICY",
            "entitySelectionType": "SPECIFIED",
            "iconSize": 18,
            "iconPosition": "LEFT",
            "showSearchBox": false,
            "showList": false,
            "showListHeader": false,
            "showBarPie": false,
            "showPie": true,
            "innerRadius": 0,
            "aggregationType": "RATIO"
        }
    ],
    "warRoom": false,
    "template": false
}