{
    "schemaVersion": null,
    "dashboardFormatVersion": "4.0",
    "name": "TDC  Puertos",
    "description": null,
    "properties": null,
    "templateEntityType": "APPLICATION_COMPONENT_NODE",
    "associatedEntityTemplates": null,
    "minutesBeforeAnchorTime": -1,
    "startDate": null,
    "endDate": null,
    "refreshInterval": 120000,
    "backgroundColor": 15856629,
    "color": 15856629,
    "height": 1400,
    "width": 3000,
    "canvasType": "CANVAS_TYPE_ABSOLUTE",
    "layoutType": "",
    "widgetTemplates": [
        {
            "widgetType": "AnalyticsWidget",
            "title": null,
            "height": 288,
            "width": 895,
            "minHeight": 2,
            "minWidth": 2,
            "x": 1,
            "y": 9,
            "label": "",
            "description": "",
            "drillDownUrl": "",
            "useMetricBrowserAsDrillDown": false,
            "drillDownActionType": null,
            "backgroundColor": 16777215,
            "backgroundColors": null,
            "backgroundColorsStr": null,
            "color": 1646891,
            "fontSize": 12,
            "useAutomaticFontSize": false,
            "borderEnabled": false,
            "borderThickness": 0,
            "borderColor": 0,
            "backgroundAlpha": 1,
            "showValues": false,
            "formatNumber": true,
            "numDecimals": 2,
            "removeZeros": true,
            "compactMode": false,
            "showTimeRange": false,
            "renderIn3D": false,
            "showLegend": false,
            "legendPosition": null,
            "legendColumnCount": null,
            "startTime": null,
            "endTime": null,
            "minutesBeforeAnchorTime": 60,
            "isGlobal": true,
            "propertiesMap": null,
            "dataSeriesTemplates": null,
            "adqlQueryList": [
                "SELECT series(eventTimestamp, \"1m\"), segments.userData.WmCodeValue, count(segments.userData.WmCodeValue) FROM transactions WHERE application = \"Corresponsalias\" AND segments.node = \"fcwmsepr1\""
            ],
            "analyticsWidgetType": "LINE",
            "searchMode": "ADVANCED",
            "isStackingEnabled": false,
            "legendsLayout": "VERTICAL",
            "maxAllowedYAxisFields": 3,
            "maxAllowedXAxisFields": 1,
            "min": null,
            "interval": null,
            "max": null,
            "intervalType": null,
            "maxType": null,
            "minType": null,
            "showMinExtremes": null,
            "showMaxExtremes": null,
            "displayPercentileMarkers": null,
            "percentileValue1": null,
            "percentileValue2": null,
            "percentileValue3": null,
            "percentileValue4": null,
            "isShowLogYAxis": false,
            "resolution": null,
            "dataFetchSize": null,
            "percentileLine": null,
            "timeRangeInterval": null,
            "pollingInterval": null,
            "unit": null,
            "isRawQuery": null,
            "viewState": null,
            "gridState": null,
            "slmConfigId": null,
            "bjId": null,
            "showInverse": false,
            "showHealth": false,
            "align": "center",
            "compareToOption": null,
            "trailingPeriod": null,
            "trailingPeriodUnit": null,
            "isIncreaseGood": null,
            "numberFormatOption": null,
            "showUnivariateLabel": true
        },
        {
            "widgetType": "AnalyticsWidget",
            "title": null,
            "height": 290,
            "width": 901,
            "minHeight": 2,
            "minWidth": 2,
            "x": 0,
            "y": 297,
            "label": "",
            "description": "",
            "drillDownUrl": "",
            "useMetricBrowserAsDrillDown": false,
            "drillDownActionType": null,
            "backgroundColor": 16777215,
            "backgroundColors": null,
            "backgroundColorsStr": null,
            "color": 1646891,
            "fontSize": 12,
            "useAutomaticFontSize": false,
            "borderEnabled": false,
            "borderThickness": 0,
            "borderColor": 0,
            "backgroundAlpha": 1,
            "showValues": false,
            "formatNumber": true,
            "numDecimals": 2,
            "removeZeros": true,
            "compactMode": false,
            "showTimeRange": false,
            "renderIn3D": false,
            "showLegend": false,
            "legendPosition": null,
            "legendColumnCount": null,
            "startTime": null,
            "endTime": null,
            "minutesBeforeAnchorTime": 60,
            "isGlobal": true,
            "propertiesMap": null,
            "dataSeriesTemplates": null,
            "adqlQueryList": [
                "SELECT series(eventTimestamp, \"1m\"), segments.userData.WmCodeValue, count(segments.userData.WmCodeValue) FROM transactions WHERE application = \"Corresponsalias\" AND segments.node = \"fcwmsepr2\""
            ],
            "analyticsWidgetType": "LINE",
            "searchMode": "ADVANCED",
            "isStackingEnabled": false,
            "legendsLayout": "VERTICAL",
            "maxAllowedYAxisFields": 3,
            "maxAllowedXAxisFields": 1,
            "min": null,
            "interval": null,
            "max": null,
            "intervalType": null,
            "maxType": null,
            "minType": null,
            "showMinExtremes": false,
            "showMaxExtremes": false,
            "displayPercentileMarkers": false,
            "percentileValue1": null,
            "percentileValue2": null,
            "percentileValue3": null,
            "percentileValue4": null,
            "isShowLogYAxis": false,
            "resolution": null,
            "dataFetchSize": null,
            "percentileLine": null,
            "timeRangeInterval": null,
            "pollingInterval": null,
            "unit": 0,
            "isRawQuery": false,
            "viewState": null,
            "gridState": null,
            "slmConfigId": null,
            "bjId": null,
            "showInverse": false,
            "showHealth": false,
            "align": "center",
            "compareToOption": null,
            "trailingPeriod": null,
            "trailingPeriodUnit": null,
            "isIncreaseGood": null,
            "numberFormatOption": null,
            "showUnivariateLabel": true
        },
        {
            "widgetType": "AnalyticsWidget",
            "title": null,
            "height": 288,
            "width": 898,
            "minHeight": 2,
            "minWidth": 2,
            "x": 0,
            "y": 589,
            "label": "",
            "description": "",
            "drillDownUrl": "",
            "useMetricBrowserAsDrillDown": false,
            "drillDownActionType": null,
            "backgroundColor": 16777215,
            "backgroundColors": null,
            "backgroundColorsStr": null,
            "color": 1646891,
            "fontSize": 12,
            "useAutomaticFontSize": false,
            "borderEnabled": false,
            "borderThickness": 0,
            "borderColor": 0,
            "backgroundAlpha": 1,
            "showValues": false,
            "formatNumber": true,
            "numDecimals": 2,
            "removeZeros": true,
            "compactMode": false,
            "showTimeRange": false,
            "renderIn3D": false,
            "showLegend": false,
            "legendPosition": null,
            "legendColumnCount": null,
            "startTime": null,
            "endTime": null,
            "minutesBeforeAnchorTime": 60,
            "isGlobal": true,
            "propertiesMap": null,
            "dataSeriesTemplates": null,
            "adqlQueryList": [
                "SELECT series(eventTimestamp, \"1m\"), segments.userData.WmCodeValue, count(segments.userData.WmCodeValue) FROM transactions WHERE application = \"Corresponsalias\" AND segments.node = \"fcwmsepr3\""
            ],
            "analyticsWidgetType": "LINE",
            "searchMode": "ADVANCED",
            "isStackingEnabled": false,
            "legendsLayout": "VERTICAL",
            "maxAllowedYAxisFields": 3,
            "maxAllowedXAxisFields": 1,
            "min": null,
            "interval": null,
            "max": null,
            "intervalType": null,
            "maxType": null,
            "minType": null,
            "showMinExtremes": false,
            "showMaxExtremes": false,
            "displayPercentileMarkers": false,
            "percentileValue1": null,
            "percentileValue2": null,
            "percentileValue3": null,
            "percentileValue4": null,
            "isShowLogYAxis": false,
            "resolution": null,
            "dataFetchSize": null,
            "percentileLine": null,
            "timeRangeInterval": null,
            "pollingInterval": null,
            "unit": 0,
            "isRawQuery": false,
            "viewState": null,
            "gridState": null,
            "slmConfigId": null,
            "bjId": null,
            "showInverse": false,
            "showHealth": false,
            "align": "center",
            "compareToOption": null,
            "trailingPeriod": null,
            "trailingPeriodUnit": null,
            "isIncreaseGood": null,
            "numberFormatOption": null,
            "showUnivariateLabel": true
        },
        {
            "widgetType": "TextWidget",
            "title": null,
            "height": 50,
            "width": 200,
            "minHeight": 0,
            "minWidth": 0,
            "x": 24,
            "y": 1,
            "label": null,
            "description": null,
            "drillDownUrl": null,
            "useMetricBrowserAsDrillDown": false,
            "drillDownActionType": null,
            "backgroundColor": 16777215,
            "backgroundColors": null,
            "backgroundColorsStr": "16777215,16777215",
            "color": 1646891,
            "fontSize": 20,
            "useAutomaticFontSize": false,
            "borderEnabled": false,
            "borderThickness": 0,
            "borderColor": 14408667,
            "backgroundAlpha": 0,
            "showValues": false,
            "formatNumber": null,
            "numDecimals": 0,
            "removeZeros": null,
            "compactMode": false,
            "showTimeRange": false,
            "renderIn3D": false,
            "showLegend": null,
            "legendPosition": null,
            "legendColumnCount": null,
            "startTime": null,
            "endTime": null,
            "minutesBeforeAnchorTime": 15,
            "isGlobal": true,
            "propertiesMap": null,
            "dataSeriesTemplates": null,
            "text": "sepr1",
            "textAlign": "CENTER",
            "margin": 4
        },
        {
            "widgetType": "TextWidget",
            "title": null,
            "height": 50,
            "width": 200,
            "minHeight": 0,
            "minWidth": 0,
            "x": 2,
            "y": 296,
            "label": null,
            "description": null,
            "drillDownUrl": null,
            "useMetricBrowserAsDrillDown": false,
            "drillDownActionType": null,
            "backgroundColor": 16777215,
            "backgroundColors": null,
            "backgroundColorsStr": "16777215,16777215",
            "color": 1646891,
            "fontSize": 20,
            "useAutomaticFontSize": false,
            "borderEnabled": false,
            "borderThickness": 0,
            "borderColor": 14408667,
            "backgroundAlpha": 0,
            "showValues": false,
            "formatNumber": null,
            "numDecimals": 0,
            "removeZeros": null,
            "compactMode": false,
            "showTimeRange": false,
            "renderIn3D": false,
            "showLegend": null,
            "legendPosition": null,
            "legendColumnCount": null,
            "startTime": null,
            "endTime": null,
            "minutesBeforeAnchorTime": 15,
            "isGlobal": true,
            "propertiesMap": null,
            "dataSeriesTemplates": null,
            "text": "sepr2",
            "textAlign": "CENTER",
            "margin": 4
        },
        {
            "widgetType": "TextWidget",
            "title": null,
            "height": 50,
            "width": 200,
            "minHeight": 0,
            "minWidth": 0,
            "x": 0,
            "y": 593,
            "label": null,
            "description": null,
            "drillDownUrl": null,
            "useMetricBrowserAsDrillDown": false,
            "drillDownActionType": null,
            "backgroundColor": 16777215,
            "backgroundColors": null,
            "backgroundColorsStr": "16777215,16777215",
            "color": 1646891,
            "fontSize": 20,
            "useAutomaticFontSize": false,
            "borderEnabled": false,
            "borderThickness": 0,
            "borderColor": 14408667,
            "backgroundAlpha": 0,
            "showValues": false,
            "formatNumber": null,
            "numDecimals": 0,
            "removeZeros": null,
            "compactMode": false,
            "showTimeRange": false,
            "renderIn3D": false,
            "showLegend": null,
            "legendPosition": null,
            "legendColumnCount": null,
            "startTime": null,
            "endTime": null,
            "minutesBeforeAnchorTime": 15,
            "isGlobal": true,
            "propertiesMap": null,
            "dataSeriesTemplates": null,
            "text": "sepr3",
            "textAlign": "CENTER",
            "margin": 4
        },
        {
            "widgetType": "GraphWidget",
            "title": null,
            "height": 290,
            "width": 750,
            "minHeight": 0,
            "minWidth": 0,
            "x": 898,
            "y": 7,
            "label": null,
            "description": null,
            "drillDownUrl": null,
            "useMetricBrowserAsDrillDown": true,
            "drillDownActionType": null,
            "backgroundColor": 16777215,
            "backgroundColors": null,
            "backgroundColorsStr": "16777215,16777215",
            "color": 1646891,
            "fontSize": 12,
            "useAutomaticFontSize": false,
            "borderEnabled": false,
            "borderThickness": 0,
            "borderColor": 14408667,
            "backgroundAlpha": 1,
            "showValues": false,
            "formatNumber": null,
            "numDecimals": 0,
            "removeZeros": null,
            "compactMode": false,
            "showTimeRange": false,
            "renderIn3D": false,
            "showLegend": true,
            "legendPosition": "POSITION_BOTTOM",
            "legendColumnCount": 1,
            "startTime": null,
            "endTime": null,
            "minutesBeforeAnchorTime": 15,
            "isGlobal": true,
            "propertiesMap": null,
            "dataSeriesTemplates": [
                {
                    "seriesType": "LINE",
                    "metricType": null,
                    "showRawMetricName": false,
                    "colorPalette": null,
                    "name": "Series 1",
                    "metricMatchCriteriaTemplate": {
                        "entityMatchCriteria": {
                            "matchCriteriaType": "SpecificEntities",
                            "entityType": "APPLICATION_COMPONENT_NODE",
                            "agentTypes": null,
                            "entityNames": [
                                {
                                    "applicationName": "Server & Infrastructure Monitoring",
                                    "entityType": "APPLICATION_COMPONENT_NODE",
                                    "entityName": "fcwmsepr3",
                                    "scopingEntityType": "APPLICATION_COMPONENT",
                                    "scopingEntityName": "Root",
                                    "subtype": null
                                },
                                {
                                    "applicationName": "Server & Infrastructure Monitoring",
                                    "entityType": "APPLICATION_COMPONENT_NODE",
                                    "entityName": "fcwmsepr1",
                                    "scopingEntityType": "APPLICATION_COMPONENT",
                                    "scopingEntityName": "Root",
                                    "subtype": null
                                },
                                {
                                    "applicationName": "Server & Infrastructure Monitoring",
                                    "entityType": "APPLICATION_COMPONENT_NODE",
                                    "entityName": "fcwmsepr2",
                                    "scopingEntityType": "APPLICATION_COMPONENT",
                                    "scopingEntityName": "Root",
                                    "subtype": null
                                }
                            ],
                            "summary": false
                        },
                        "metricExpressionTemplate": {
                            "metricExpressionType": "Logical",
                            "functionType": "VALUE",
                            "displayName": "null",
                            "inputMetricText": false,
                            "inputMetricPath": null,
                            "relativeMetricPath": "Hardware Resources|CPU|%Busy"
                        },
                        "rollupMetricData": false,
                        "expressionString": null,
                        "useActiveBaseline": false,
                        "sortResultsAscending": false,
                        "maxResults": 20,
                        "evaluationScopeType": null,
                        "baselineName": null,
                        "applicationName": "Server & Infrastructure Monitoring",
                        "metricDisplayNameStyle": "DISPLAY_STYLE_AUTO",
                        "metricDisplayNameCustomFormat": null
                    },
                    "axisPosition": "LEFT"
                }
            ],
            "verticalAxisLabel": null,
            "hideHorizontalAxis": null,
            "horizontalAxisLabel": null,
            "axisType": "LINEAR",
            "stackMode": null,
            "multipleYAxis": null,
            "customVerticalAxisMin": null,
            "customVerticalAxisMax": null,
            "showEvents": null,
            "interpolateDataGaps": false,
            "showAllTooltips": null,
            "staticThresholdList": [],
            "eventFilterTemplate": null
        },
        {
            "widgetType": "GraphWidget",
            "title": null,
            "height": 289,
            "width": 750,
            "minHeight": 0,
            "minWidth": 0,
            "x": 894,
            "y": 298,
            "label": null,
            "description": null,
            "drillDownUrl": null,
            "useMetricBrowserAsDrillDown": true,
            "drillDownActionType": null,
            "backgroundColor": 16777215,
            "backgroundColors": null,
            "backgroundColorsStr": "16777215,16777215",
            "color": 1646891,
            "fontSize": 12,
            "useAutomaticFontSize": false,
            "borderEnabled": false,
            "borderThickness": 0,
            "borderColor": 14408667,
            "backgroundAlpha": 1,
            "showValues": false,
            "formatNumber": null,
            "numDecimals": 0,
            "removeZeros": null,
            "compactMode": false,
            "showTimeRange": false,
            "renderIn3D": false,
            "showLegend": true,
            "legendPosition": "POSITION_BOTTOM",
            "legendColumnCount": 1,
            "startTime": null,
            "endTime": null,
            "minutesBeforeAnchorTime": 15,
            "isGlobal": true,
            "propertiesMap": null,
            "dataSeriesTemplates": [
                {
                    "seriesType": "LINE",
                    "metricType": null,
                    "showRawMetricName": false,
                    "colorPalette": null,
                    "name": "Series 1",
                    "metricMatchCriteriaTemplate": {
                        "entityMatchCriteria": {
                            "matchCriteriaType": "SpecificEntities",
                            "entityType": "APPLICATION_COMPONENT_NODE",
                            "agentTypes": null,
                            "entityNames": [
                                {
                                    "applicationName": "Server & Infrastructure Monitoring",
                                    "entityType": "APPLICATION_COMPONENT_NODE",
                                    "entityName": "fcwmsepr3",
                                    "scopingEntityType": "APPLICATION_COMPONENT",
                                    "scopingEntityName": "Root",
                                    "subtype": null
                                },
                                {
                                    "applicationName": "Server & Infrastructure Monitoring",
                                    "entityType": "APPLICATION_COMPONENT_NODE",
                                    "entityName": "fcwmsepr1",
                                    "scopingEntityType": "APPLICATION_COMPONENT",
                                    "scopingEntityName": "Root",
                                    "subtype": null
                                },
                                {
                                    "applicationName": "Server & Infrastructure Monitoring",
                                    "entityType": "APPLICATION_COMPONENT_NODE",
                                    "entityName": "fcwmsepr2",
                                    "scopingEntityType": "APPLICATION_COMPONENT",
                                    "scopingEntityName": "Root",
                                    "subtype": null
                                }
                            ],
                            "summary": false
                        },
                        "metricExpressionTemplate": {
                            "metricExpressionType": "Logical",
                            "functionType": "VALUE",
                            "displayName": "null",
                            "inputMetricText": false,
                            "inputMetricPath": null,
                            "relativeMetricPath": "Hardware Resources|Memory|Used %"
                        },
                        "rollupMetricData": false,
                        "expressionString": null,
                        "useActiveBaseline": false,
                        "sortResultsAscending": false,
                        "maxResults": 20,
                        "evaluationScopeType": null,
                        "baselineName": null,
                        "applicationName": "Server & Infrastructure Monitoring",
                        "metricDisplayNameStyle": "DISPLAY_STYLE_AUTO",
                        "metricDisplayNameCustomFormat": null
                    },
                    "axisPosition": "LEFT"
                }
            ],
            "verticalAxisLabel": null,
            "hideHorizontalAxis": null,
            "horizontalAxisLabel": null,
            "axisType": "LINEAR",
            "stackMode": null,
            "multipleYAxis": null,
            "customVerticalAxisMin": null,
            "customVerticalAxisMax": null,
            "showEvents": null,
            "interpolateDataGaps": false,
            "showAllTooltips": null,
            "staticThresholdList": [],
            "eventFilterTemplate": null
        },
        {
            "widgetType": "GraphWidget",
            "title": null,
            "height": 290,
            "width": 750,
            "minHeight": 0,
            "minWidth": 0,
            "x": 900,
            "y": 592,
            "label": null,
            "description": null,
            "drillDownUrl": null,
            "useMetricBrowserAsDrillDown": true,
            "drillDownActionType": null,
            "backgroundColor": 16777215,
            "backgroundColors": null,
            "backgroundColorsStr": "16777215,16777215",
            "color": 1646891,
            "fontSize": 12,
            "useAutomaticFontSize": false,
            "borderEnabled": false,
            "borderThickness": 0,
            "borderColor": 14408667,
            "backgroundAlpha": 1,
            "showValues": false,
            "formatNumber": null,
            "numDecimals": 0,
            "removeZeros": null,
            "compactMode": false,
            "showTimeRange": false,
            "renderIn3D": false,
            "showLegend": true,
            "legendPosition": "POSITION_BOTTOM",
            "legendColumnCount": 1,
            "startTime": null,
            "endTime": null,
            "minutesBeforeAnchorTime": 15,
            "isGlobal": true,
            "propertiesMap": null,
            "dataSeriesTemplates": [
                {
                    "seriesType": "LINE",
                    "metricType": "INFRASTRUCTURE",
                    "showRawMetricName": false,
                    "colorPalette": null,
                    "name": "Series 1",
                    "metricMatchCriteriaTemplate": {
                        "entityMatchCriteria": {
                            "matchCriteriaType": "SpecificEntities",
                            "entityType": "APPLICATION_COMPONENT_NODE",
                            "agentTypes": null,
                            "entityNames": [
                                {
                                    "applicationName": "Corresponsalias",
                                    "entityType": "APPLICATION_COMPONENT_NODE",
                                    "entityName": "fcwmsepr3",
                                    "scopingEntityType": "APPLICATION_COMPONENT",
                                    "scopingEntityName": "Corresponsalias-WebMethods",
                                    "subtype": null
                                },
                                {
                                    "applicationName": "Corresponsalias",
                                    "entityType": "APPLICATION_COMPONENT_NODE",
                                    "entityName": "fcwmsepr1",
                                    "scopingEntityType": "APPLICATION_COMPONENT",
                                    "scopingEntityName": "Corresponsalias-WebMethods",
                                    "subtype": null
                                },
                                {
                                    "applicationName": "Corresponsalias",
                                    "entityType": "APPLICATION_COMPONENT_NODE",
                                    "entityName": "fcwmsepr2",
                                    "scopingEntityType": "APPLICATION_COMPONENT",
                                    "scopingEntityName": "Corresponsalias-WebMethods",
                                    "subtype": null
                                }
                            ],
                            "summary": false
                        },
                        "metricExpressionTemplate": {
                            "metricExpressionType": "Logical",
                            "functionType": "VALUE",
                            "displayName": "null",
                            "inputMetricText": false,
                            "inputMetricPath": null,
                            "relativeMetricPath": "JVM|Threads|Current No. of Threads"
                        },
                        "rollupMetricData": false,
                        "expressionString": "",
                        "useActiveBaseline": false,
                        "sortResultsAscending": false,
                        "maxResults": 20,
                        "evaluationScopeType": null,
                        "baselineName": null,
                        "applicationName": "Corresponsalias",
                        "metricDisplayNameStyle": "DISPLAY_STYLE_AUTO",
                        "metricDisplayNameCustomFormat": null
                    },
                    "axisPosition": "LEFT"
                }
            ],
            "verticalAxisLabel": null,
            "hideHorizontalAxis": null,
            "horizontalAxisLabel": null,
            "axisType": "LINEAR",
            "stackMode": null,
            "multipleYAxis": null,
            "customVerticalAxisMin": null,
            "customVerticalAxisMax": null,
            "showEvents": null,
            "interpolateDataGaps": false,
            "showAllTooltips": null,
            "staticThresholdList": [],
            "eventFilterTemplate": null
        },
        {
            "widgetType": "TextWidget",
            "title": null,
            "height": 50,
            "width": 200,
            "minHeight": 0,
            "minWidth": 0,
            "x": 901,
            "y": 592,
            "label": null,
            "description": null,
            "drillDownUrl": null,
            "useMetricBrowserAsDrillDown": false,
            "drillDownActionType": null,
            "backgroundColor": 16777215,
            "backgroundColors": null,
            "backgroundColorsStr": "16777215,16777215",
            "color": 1646891,
            "fontSize": 20,
            "useAutomaticFontSize": false,
            "borderEnabled": false,
            "borderThickness": 0,
            "borderColor": 14408667,
            "backgroundAlpha": 0,
            "showValues": false,
            "formatNumber": null,
            "numDecimals": 0,
            "removeZeros": null,
            "compactMode": false,
            "showTimeRange": false,
            "renderIn3D": false,
            "showLegend": null,
            "legendPosition": null,
            "legendColumnCount": null,
            "startTime": null,
            "endTime": null,
            "minutesBeforeAnchorTime": 15,
            "isGlobal": true,
            "propertiesMap": null,
            "dataSeriesTemplates": null,
            "text": "Threads",
            "textAlign": "CENTER",
            "margin": 4
        },
        {
            "widgetType": "TextWidget",
            "title": null,
            "height": 50,
            "width": 200,
            "minHeight": 0,
            "minWidth": 0,
            "x": 908,
            "y": 301,
            "label": null,
            "description": null,
            "drillDownUrl": null,
            "useMetricBrowserAsDrillDown": false,
            "drillDownActionType": null,
            "backgroundColor": 16777215,
            "backgroundColors": null,
            "backgroundColorsStr": "16777215,16777215",
            "color": 1646891,
            "fontSize": 20,
            "useAutomaticFontSize": false,
            "borderEnabled": false,
            "borderThickness": 0,
            "borderColor": 14408667,
            "backgroundAlpha": 0,
            "showValues": false,
            "formatNumber": null,
            "numDecimals": 0,
            "removeZeros": null,
            "compactMode": false,
            "showTimeRange": false,
            "renderIn3D": false,
            "showLegend": null,
            "legendPosition": null,
            "legendColumnCount": null,
            "startTime": null,
            "endTime": null,
            "minutesBeforeAnchorTime": 15,
            "isGlobal": true,
            "propertiesMap": null,
            "dataSeriesTemplates": null,
            "text": "Memoria",
            "textAlign": "CENTER",
            "margin": 4
        },
        {
            "widgetType": "TextWidget",
            "title": null,
            "height": 50,
            "width": 200,
            "minHeight": 0,
            "minWidth": 0,
            "x": 902,
            "y": 15,
            "label": null,
            "description": null,
            "drillDownUrl": null,
            "useMetricBrowserAsDrillDown": false,
            "drillDownActionType": null,
            "backgroundColor": 16777215,
            "backgroundColors": null,
            "backgroundColorsStr": "16777215,16777215",
            "color": 1646891,
            "fontSize": 20,
            "useAutomaticFontSize": false,
            "borderEnabled": false,
            "borderThickness": 0,
            "borderColor": 14408667,
            "backgroundAlpha": 0,
            "showValues": false,
            "formatNumber": null,
            "numDecimals": 0,
            "removeZeros": null,
            "compactMode": false,
            "showTimeRange": false,
            "renderIn3D": false,
            "showLegend": null,
            "legendPosition": null,
            "legendColumnCount": null,
            "startTime": null,
            "endTime": null,
            "minutesBeforeAnchorTime": 15,
            "isGlobal": true,
            "propertiesMap": null,
            "dataSeriesTemplates": null,
            "text": "CPU",
            "textAlign": "CENTER",
            "margin": 4
        },
        {
            "widgetType": "GraphWidget",
            "title": null,
            "height": 290,
            "width": 604,
            "minHeight": 0,
            "minWidth": 0,
            "x": 1653,
            "y": 844,
            "label": null,
            "description": null,
            "drillDownUrl": null,
            "useMetricBrowserAsDrillDown": true,
            "drillDownActionType": null,
            "backgroundColor": 16777215,
            "backgroundColors": null,
            "backgroundColorsStr": "16777215,16777215",
            "color": 1646891,
            "fontSize": 12,
            "useAutomaticFontSize": false,
            "borderEnabled": false,
            "borderThickness": 0,
            "borderColor": 14408667,
            "backgroundAlpha": 1,
            "showValues": false,
            "formatNumber": null,
            "numDecimals": 0,
            "removeZeros": null,
            "compactMode": false,
            "showTimeRange": false,
            "renderIn3D": false,
            "showLegend": true,
            "legendPosition": "POSITION_BOTTOM",
            "legendColumnCount": 1,
            "startTime": null,
            "endTime": null,
            "minutesBeforeAnchorTime": 15,
            "isGlobal": true,
            "propertiesMap": null,
            "dataSeriesTemplates": [
                {
                    "seriesType": "LINE",
                    "metricType": "OTHER",
                    "showRawMetricName": false,
                    "colorPalette": null,
                    "name": "Series 1",
                    "metricMatchCriteriaTemplate": {
                        "entityMatchCriteria": null,
                        "metricExpressionTemplate": {
                            "metricExpressionType": "Absolute",
                            "functionType": "VALUE",
                            "displayName": "null",
                            "inputMetricText": false,
                            "inputMetricPath": null,
                            "metricPath": "Service Endpoints|Corresponsalias-WebMethods|Ports.HTTPSListener@8201|Individual Nodes|fcwmsepr3|Average Response Time (ms)",
                            "scopeEntity": {
                                "applicationName": "Corresponsalias",
                                "entityType": "APPLICATION_COMPONENT_NODE",
                                "entityName": "fcwmsepr3",
                                "scopingEntityType": "APPLICATION_COMPONENT",
                                "scopingEntityName": "Corresponsalias-WebMethods",
                                "subtype": null
                            }
                        },
                        "rollupMetricData": false,
                        "expressionString": "",
                        "useActiveBaseline": false,
                        "sortResultsAscending": false,
                        "maxResults": 20,
                        "evaluationScopeType": null,
                        "baselineName": null,
                        "applicationName": "Corresponsalias",
                        "metricDisplayNameStyle": "DISPLAY_STYLE_AUTO",
                        "metricDisplayNameCustomFormat": null
                    },
                    "axisPosition": "LEFT"
                }
            ],
            "verticalAxisLabel": null,
            "hideHorizontalAxis": null,
            "horizontalAxisLabel": null,
            "axisType": "LINEAR",
            "stackMode": null,
            "multipleYAxis": null,
            "customVerticalAxisMin": null,
            "customVerticalAxisMax": null,
            "showEvents": null,
            "interpolateDataGaps": false,
            "showAllTooltips": null,
            "staticThresholdList": [],
            "eventFilterTemplate": null
        },
        {
            "widgetType": "GraphWidget",
            "title": null,
            "height": 289,
            "width": 605,
            "minHeight": 0,
            "minWidth": 0,
            "x": 2257,
            "y": 851,
            "label": null,
            "description": null,
            "drillDownUrl": null,
            "useMetricBrowserAsDrillDown": true,
            "drillDownActionType": null,
            "backgroundColor": 16777215,
            "backgroundColors": null,
            "backgroundColorsStr": "16777215,16777215",
            "color": 1646891,
            "fontSize": 12,
            "useAutomaticFontSize": false,
            "borderEnabled": false,
            "borderThickness": 0,
            "borderColor": 14408667,
            "backgroundAlpha": 1,
            "showValues": false,
            "formatNumber": null,
            "numDecimals": 0,
            "removeZeros": null,
            "compactMode": false,
            "showTimeRange": false,
            "renderIn3D": false,
            "showLegend": true,
            "legendPosition": "POSITION_BOTTOM",
            "legendColumnCount": 1,
            "startTime": null,
            "endTime": null,
            "minutesBeforeAnchorTime": 15,
            "isGlobal": true,
            "propertiesMap": null,
            "dataSeriesTemplates": [
                {
                    "seriesType": "LINE",
                    "metricType": "OTHER",
                    "showRawMetricName": false,
                    "colorPalette": null,
                    "name": "Series 1",
                    "metricMatchCriteriaTemplate": {
                        "entityMatchCriteria": null,
                        "metricExpressionTemplate": {
                            "metricExpressionType": "Absolute",
                            "functionType": "VALUE",
                            "displayName": "null",
                            "inputMetricText": false,
                            "inputMetricPath": null,
                            "metricPath": "Service Endpoints|Corresponsalias-WebMethods|Ports.HTTPSListener@8201|Individual Nodes|fcwmsepr3|Calls per Minute",
                            "scopeEntity": {
                                "applicationName": "Corresponsalias",
                                "entityType": "APPLICATION_COMPONENT_NODE",
                                "entityName": "fcwmsepr3",
                                "scopingEntityType": "APPLICATION_COMPONENT",
                                "scopingEntityName": "Corresponsalias-WebMethods",
                                "subtype": null
                            }
                        },
                        "rollupMetricData": false,
                        "expressionString": "",
                        "useActiveBaseline": false,
                        "sortResultsAscending": false,
                        "maxResults": 20,
                        "evaluationScopeType": null,
                        "baselineName": null,
                        "applicationName": "Corresponsalias",
                        "metricDisplayNameStyle": "DISPLAY_STYLE_AUTO",
                        "metricDisplayNameCustomFormat": null
                    },
                    "axisPosition": "LEFT"
                }
            ],
            "verticalAxisLabel": null,
            "hideHorizontalAxis": null,
            "horizontalAxisLabel": null,
            "axisType": "LINEAR",
            "stackMode": null,
            "multipleYAxis": null,
            "customVerticalAxisMin": null,
            "customVerticalAxisMax": null,
            "showEvents": null,
            "interpolateDataGaps": false,
            "showAllTooltips": null,
            "staticThresholdList": [],
            "eventFilterTemplate": null
        },
        {
            "widgetType": "TextWidget",
            "title": null,
            "height": 50,
            "width": 200,
            "minHeight": 0,
            "minWidth": 0,
            "x": 901,
            "y": 592,
            "label": null,
            "description": null,
            "drillDownUrl": null,
            "useMetricBrowserAsDrillDown": false,
            "drillDownActionType": null,
            "backgroundColor": 16777215,
            "backgroundColors": null,
            "backgroundColorsStr": "16777215,16777215",
            "color": 1646891,
            "fontSize": 20,
            "useAutomaticFontSize": false,
            "borderEnabled": false,
            "borderThickness": 0,
            "borderColor": 14408667,
            "backgroundAlpha": 0,
            "showValues": false,
            "formatNumber": null,
            "numDecimals": 0,
            "removeZeros": null,
            "compactMode": false,
            "showTimeRange": false,
            "renderIn3D": false,
            "showLegend": null,
            "legendPosition": null,
            "legendColumnCount": null,
            "startTime": null,
            "endTime": null,
            "minutesBeforeAnchorTime": 15,
            "isGlobal": true,
            "propertiesMap": null,
            "dataSeriesTemplates": null,
            "text": "Threads",
            "textAlign": "CENTER",
            "margin": 4
        },
        {
            "widgetType": "TextWidget",
            "title": null,
            "height": 50,
            "width": 200,
            "minHeight": 0,
            "minWidth": 0,
            "x": 1662,
            "y": 855,
            "label": null,
            "description": null,
            "drillDownUrl": null,
            "useMetricBrowserAsDrillDown": false,
            "drillDownActionType": null,
            "backgroundColor": 16777215,
            "backgroundColors": null,
            "backgroundColorsStr": "16777215,16777215",
            "color": 1646891,
            "fontSize": 20,
            "useAutomaticFontSize": false,
            "borderEnabled": false,
            "borderThickness": 0,
            "borderColor": 14408667,
            "backgroundAlpha": 0,
            "showValues": false,
            "formatNumber": null,
            "numDecimals": 0,
            "removeZeros": null,
            "compactMode": false,
            "showTimeRange": false,
            "renderIn3D": false,
            "showLegend": null,
            "legendPosition": null,
            "legendColumnCount": null,
            "startTime": null,
            "endTime": null,
            "minutesBeforeAnchorTime": 15,
            "isGlobal": true,
            "propertiesMap": null,
            "dataSeriesTemplates": null,
            "text": "PORT 8202",
            "textAlign": "CENTER",
            "margin": 4
        },
        {
            "widgetType": "TextWidget",
            "title": null,
            "height": 50,
            "width": 200,
            "minHeight": 0,
            "minWidth": 0,
            "x": 2253,
            "y": 862,
            "label": null,
            "description": null,
            "drillDownUrl": null,
            "useMetricBrowserAsDrillDown": false,
            "drillDownActionType": null,
            "backgroundColor": 16777215,
            "backgroundColors": null,
            "backgroundColorsStr": "16777215,16777215",
            "color": 1646891,
            "fontSize": 20,
            "useAutomaticFontSize": false,
            "borderEnabled": false,
            "borderThickness": 0,
            "borderColor": 14408667,
            "backgroundAlpha": 0,
            "showValues": false,
            "formatNumber": null,
            "numDecimals": 0,
            "removeZeros": null,
            "compactMode": false,
            "showTimeRange": false,
            "renderIn3D": false,
            "showLegend": null,
            "legendPosition": null,
            "legendColumnCount": null,
            "startTime": null,
            "endTime": null,
            "minutesBeforeAnchorTime": 15,
            "isGlobal": true,
            "propertiesMap": null,
            "dataSeriesTemplates": null,
            "text": "PORT 8202",
            "textAlign": "CENTER",
            "margin": 4
        },
        {
            "widgetType": "GraphWidget",
            "title": null,
            "height": 290,
            "width": 604,
            "minHeight": 0,
            "minWidth": 0,
            "x": 1650,
            "y": 11,
            "label": null,
            "description": null,
            "drillDownUrl": null,
            "useMetricBrowserAsDrillDown": true,
            "drillDownActionType": null,
            "backgroundColor": 16777215,
            "backgroundColors": null,
            "backgroundColorsStr": "16777215,16777215",
            "color": 1646891,
            "fontSize": 12,
            "useAutomaticFontSize": false,
            "borderEnabled": false,
            "borderThickness": 0,
            "borderColor": 14408667,
            "backgroundAlpha": 1,
            "showValues": false,
            "formatNumber": null,
            "numDecimals": 0,
            "removeZeros": null,
            "compactMode": false,
            "showTimeRange": false,
            "renderIn3D": false,
            "showLegend": true,
            "legendPosition": "POSITION_BOTTOM",
            "legendColumnCount": 1,
            "startTime": null,
            "endTime": null,
            "minutesBeforeAnchorTime": 15,
            "isGlobal": true,
            "propertiesMap": null,
            "dataSeriesTemplates": [
                {
                    "seriesType": "LINE",
                    "metricType": "OTHER",
                    "showRawMetricName": false,
                    "colorPalette": null,
                    "name": "Series 1",
                    "metricMatchCriteriaTemplate": {
                        "entityMatchCriteria": null,
                        "metricExpressionTemplate": {
                            "metricExpressionType": "Absolute",
                            "functionType": "VALUE",
                            "displayName": "null",
                            "inputMetricText": false,
                            "inputMetricPath": null,
                            "metricPath": "Service Endpoints|Corresponsalias-WebMethods|Ports.HTTPListener@8890|Individual Nodes|fcwmsepr1|Average Response Time (ms)",
                            "scopeEntity": {
                                "applicationName": "Corresponsalias",
                                "entityType": "APPLICATION_COMPONENT_NODE",
                                "entityName": "fcwmsepr1",
                                "scopingEntityType": "APPLICATION_COMPONENT",
                                "scopingEntityName": "Corresponsalias-WebMethods",
                                "subtype": null
                            }
                        },
                        "rollupMetricData": false,
                        "expressionString": "",
                        "useActiveBaseline": false,
                        "sortResultsAscending": false,
                        "maxResults": 20,
                        "evaluationScopeType": null,
                        "baselineName": null,
                        "applicationName": "Corresponsalias",
                        "metricDisplayNameStyle": "DISPLAY_STYLE_AUTO",
                        "metricDisplayNameCustomFormat": null
                    },
                    "axisPosition": "LEFT"
                }
            ],
            "verticalAxisLabel": null,
            "hideHorizontalAxis": null,
            "horizontalAxisLabel": null,
            "axisType": "LINEAR",
            "stackMode": null,
            "multipleYAxis": null,
            "customVerticalAxisMin": null,
            "customVerticalAxisMax": null,
            "showEvents": null,
            "interpolateDataGaps": false,
            "showAllTooltips": null,
            "staticThresholdList": [],
            "eventFilterTemplate": null
        },
        {
            "widgetType": "GraphWidget",
            "title": null,
            "height": 289,
            "width": 605,
            "minHeight": 0,
            "minWidth": 0,
            "x": 2263,
            "y": 301,
            "label": null,
            "description": null,
            "drillDownUrl": null,
            "useMetricBrowserAsDrillDown": true,
            "drillDownActionType": null,
            "backgroundColor": 16777215,
            "backgroundColors": null,
            "backgroundColorsStr": "16777215,16777215",
            "color": 1646891,
            "fontSize": 12,
            "useAutomaticFontSize": false,
            "borderEnabled": false,
            "borderThickness": 0,
            "borderColor": 14408667,
            "backgroundAlpha": 1,
            "showValues": false,
            "formatNumber": null,
            "numDecimals": 0,
            "removeZeros": null,
            "compactMode": false,
            "showTimeRange": false,
            "renderIn3D": false,
            "showLegend": true,
            "legendPosition": "POSITION_BOTTOM",
            "legendColumnCount": 1,
            "startTime": null,
            "endTime": null,
            "minutesBeforeAnchorTime": 15,
            "isGlobal": true,
            "propertiesMap": null,
            "dataSeriesTemplates": [
                {
                    "seriesType": "LINE",
                    "metricType": "OTHER",
                    "showRawMetricName": false,
                    "colorPalette": null,
                    "name": "Series 1",
                    "metricMatchCriteriaTemplate": {
                        "entityMatchCriteria": null,
                        "metricExpressionTemplate": {
                            "metricExpressionType": "Absolute",
                            "functionType": "VALUE",
                            "displayName": "null",
                            "inputMetricText": false,
                            "inputMetricPath": null,
                            "metricPath": "Service Endpoints|Corresponsalias-WebMethods|Ports.HTTPListener@8890|Individual Nodes|fcwmsepr2|Calls per Minute",
                            "scopeEntity": {
                                "applicationName": "Corresponsalias",
                                "entityType": "APPLICATION_COMPONENT_NODE",
                                "entityName": "fcwmsepr2",
                                "scopingEntityType": "APPLICATION_COMPONENT",
                                "scopingEntityName": "Corresponsalias-WebMethods",
                                "subtype": null
                            }
                        },
                        "rollupMetricData": false,
                        "expressionString": "",
                        "useActiveBaseline": false,
                        "sortResultsAscending": false,
                        "maxResults": 20,
                        "evaluationScopeType": null,
                        "baselineName": null,
                        "applicationName": "Corresponsalias",
                        "metricDisplayNameStyle": "DISPLAY_STYLE_AUTO",
                        "metricDisplayNameCustomFormat": null
                    },
                    "axisPosition": "LEFT"
                }
            ],
            "verticalAxisLabel": null,
            "hideHorizontalAxis": null,
            "horizontalAxisLabel": null,
            "axisType": "LINEAR",
            "stackMode": null,
            "multipleYAxis": null,
            "customVerticalAxisMin": null,
            "customVerticalAxisMax": null,
            "showEvents": null,
            "interpolateDataGaps": false,
            "showAllTooltips": null,
            "staticThresholdList": [],
            "eventFilterTemplate": null
        },
        {
            "widgetType": "TextWidget",
            "title": null,
            "height": 50,
            "width": 200,
            "minHeight": 0,
            "minWidth": 0,
            "x": 2286,
            "y": 11,
            "label": null,
            "description": null,
            "drillDownUrl": null,
            "useMetricBrowserAsDrillDown": false,
            "drillDownActionType": null,
            "backgroundColor": 16777215,
            "backgroundColors": null,
            "backgroundColorsStr": "16777215,16777215",
            "color": 1646891,
            "fontSize": 20,
            "useAutomaticFontSize": false,
            "borderEnabled": false,
            "borderThickness": 0,
            "borderColor": 14408667,
            "backgroundAlpha": 0,
            "showValues": false,
            "formatNumber": null,
            "numDecimals": 0,
            "removeZeros": null,
            "compactMode": false,
            "showTimeRange": false,
            "renderIn3D": false,
            "showLegend": null,
            "legendPosition": null,
            "legendColumnCount": null,
            "startTime": null,
            "endTime": null,
            "minutesBeforeAnchorTime": 15,
            "isGlobal": true,
            "propertiesMap": null,
            "dataSeriesTemplates": null,
            "text": "PORT 8890",
            "textAlign": "CENTER",
            "margin": 4
        },
        {
            "widgetType": "TextWidget",
            "title": null,
            "height": 50,
            "width": 200,
            "minHeight": 0,
            "minWidth": 0,
            "x": 1660,
            "y": 7,
            "label": null,
            "description": null,
            "drillDownUrl": null,
            "useMetricBrowserAsDrillDown": false,
            "drillDownActionType": null,
            "backgroundColor": 16777215,
            "backgroundColors": null,
            "backgroundColorsStr": "16777215,16777215",
            "color": 1646891,
            "fontSize": 20,
            "useAutomaticFontSize": false,
            "borderEnabled": false,
            "borderThickness": 0,
            "borderColor": 14408667,
            "backgroundAlpha": 0,
            "showValues": false,
            "formatNumber": null,
            "numDecimals": 0,
            "removeZeros": null,
            "compactMode": false,
            "showTimeRange": false,
            "renderIn3D": false,
            "showLegend": null,
            "legendPosition": null,
            "legendColumnCount": null,
            "startTime": null,
            "endTime": null,
            "minutesBeforeAnchorTime": 15,
            "isGlobal": true,
            "propertiesMap": null,
            "dataSeriesTemplates": null,
            "text": "PORT 8890",
            "textAlign": "CENTER",
            "margin": 4
        },
        {
            "widgetType": "GraphWidget",
            "title": null,
            "height": 290,
            "width": 604,
            "minHeight": 0,
            "minWidth": 0,
            "x": 1654,
            "y": 300,
            "label": null,
            "description": null,
            "drillDownUrl": null,
            "useMetricBrowserAsDrillDown": true,
            "drillDownActionType": null,
            "backgroundColor": 16777215,
            "backgroundColors": null,
            "backgroundColorsStr": "16777215,16777215",
            "color": 1646891,
            "fontSize": 12,
            "useAutomaticFontSize": false,
            "borderEnabled": false,
            "borderThickness": 0,
            "borderColor": 14408667,
            "backgroundAlpha": 1,
            "showValues": false,
            "formatNumber": null,
            "numDecimals": 0,
            "removeZeros": null,
            "compactMode": false,
            "showTimeRange": false,
            "renderIn3D": false,
            "showLegend": true,
            "legendPosition": "POSITION_BOTTOM",
            "legendColumnCount": 1,
            "startTime": null,
            "endTime": null,
            "minutesBeforeAnchorTime": 15,
            "isGlobal": true,
            "propertiesMap": null,
            "dataSeriesTemplates": [
                {
                    "seriesType": "LINE",
                    "metricType": "OTHER",
                    "showRawMetricName": false,
                    "colorPalette": null,
                    "name": "Series 1",
                    "metricMatchCriteriaTemplate": {
                        "entityMatchCriteria": null,
                        "metricExpressionTemplate": {
                            "metricExpressionType": "Absolute",
                            "functionType": "VALUE",
                            "displayName": "null",
                            "inputMetricText": false,
                            "inputMetricPath": null,
                            "metricPath": "Service Endpoints|Corresponsalias-WebMethods|Ports.HTTPListener@8890|Individual Nodes|fcwmsepr2|Average Response Time (ms)",
                            "scopeEntity": {
                                "applicationName": "Corresponsalias",
                                "entityType": "APPLICATION_COMPONENT_NODE",
                                "entityName": "fcwmsepr2",
                                "scopingEntityType": "APPLICATION_COMPONENT",
                                "scopingEntityName": "Corresponsalias-WebMethods",
                                "subtype": null
                            }
                        },
                        "rollupMetricData": false,
                        "expressionString": "",
                        "useActiveBaseline": false,
                        "sortResultsAscending": false,
                        "maxResults": 20,
                        "evaluationScopeType": null,
                        "baselineName": null,
                        "applicationName": "Corresponsalias",
                        "metricDisplayNameStyle": "DISPLAY_STYLE_AUTO",
                        "metricDisplayNameCustomFormat": null
                    },
                    "axisPosition": "LEFT"
                }
            ],
            "verticalAxisLabel": null,
            "hideHorizontalAxis": null,
            "horizontalAxisLabel": null,
            "axisType": "LINEAR",
            "stackMode": null,
            "multipleYAxis": null,
            "customVerticalAxisMin": null,
            "customVerticalAxisMax": null,
            "showEvents": null,
            "interpolateDataGaps": false,
            "showAllTooltips": null,
            "staticThresholdList": [],
            "eventFilterTemplate": null
        },
        {
            "widgetType": "GraphWidget",
            "title": null,
            "height": 289,
            "width": 605,
            "minHeight": 0,
            "minWidth": 0,
            "x": 2257,
            "y": 11,
            "label": null,
            "description": null,
            "drillDownUrl": null,
            "useMetricBrowserAsDrillDown": true,
            "drillDownActionType": null,
            "backgroundColor": 16777215,
            "backgroundColors": null,
            "backgroundColorsStr": "16777215,16777215",
            "color": 1646891,
            "fontSize": 12,
            "useAutomaticFontSize": false,
            "borderEnabled": false,
            "borderThickness": 0,
            "borderColor": 14408667,
            "backgroundAlpha": 1,
            "showValues": false,
            "formatNumber": null,
            "numDecimals": 0,
            "removeZeros": null,
            "compactMode": false,
            "showTimeRange": false,
            "renderIn3D": false,
            "showLegend": true,
            "legendPosition": "POSITION_BOTTOM",
            "legendColumnCount": 1,
            "startTime": null,
            "endTime": null,
            "minutesBeforeAnchorTime": 15,
            "isGlobal": true,
            "propertiesMap": null,
            "dataSeriesTemplates": [
                {
                    "seriesType": "LINE",
                    "metricType": "OTHER",
                    "showRawMetricName": false,
                    "colorPalette": null,
                    "name": "Series 1",
                    "metricMatchCriteriaTemplate": {
                        "entityMatchCriteria": null,
                        "metricExpressionTemplate": {
                            "metricExpressionType": "Absolute",
                            "functionType": "VALUE",
                            "displayName": "null",
                            "inputMetricText": false,
                            "inputMetricPath": null,
                            "metricPath": "Service Endpoints|Corresponsalias-WebMethods|Ports.HTTPListener@8890|Individual Nodes|fcwmsepr1|Calls per Minute",
                            "scopeEntity": {
                                "applicationName": "Corresponsalias",
                                "entityType": "APPLICATION_COMPONENT_NODE",
                                "entityName": "fcwmsepr1",
                                "scopingEntityType": "APPLICATION_COMPONENT",
                                "scopingEntityName": "Corresponsalias-WebMethods",
                                "subtype": null
                            }
                        },
                        "rollupMetricData": false,
                        "expressionString": "",
                        "useActiveBaseline": false,
                        "sortResultsAscending": false,
                        "maxResults": 20,
                        "evaluationScopeType": null,
                        "baselineName": null,
                        "applicationName": "Corresponsalias",
                        "metricDisplayNameStyle": "DISPLAY_STYLE_AUTO",
                        "metricDisplayNameCustomFormat": null
                    },
                    "axisPosition": "LEFT"
                }
            ],
            "verticalAxisLabel": null,
            "hideHorizontalAxis": null,
            "horizontalAxisLabel": null,
            "axisType": "LINEAR",
            "stackMode": null,
            "multipleYAxis": null,
            "customVerticalAxisMin": null,
            "customVerticalAxisMax": null,
            "showEvents": null,
            "interpolateDataGaps": false,
            "showAllTooltips": null,
            "staticThresholdList": [],
            "eventFilterTemplate": null
        },
        {
            "widgetType": "TextWidget",
            "title": null,
            "height": 50,
            "width": 200,
            "minHeight": 0,
            "minWidth": 0,
            "x": 1757,
            "y": 855,
            "label": null,
            "description": null,
            "drillDownUrl": null,
            "useMetricBrowserAsDrillDown": false,
            "drillDownActionType": null,
            "backgroundColor": 16777215,
            "backgroundColors": null,
            "backgroundColorsStr": "16777215,16777215",
            "color": 1646891,
            "fontSize": 20,
            "useAutomaticFontSize": false,
            "borderEnabled": false,
            "borderThickness": 0,
            "borderColor": 14408667,
            "backgroundAlpha": 0,
            "showValues": false,
            "formatNumber": null,
            "numDecimals": 0,
            "removeZeros": null,
            "compactMode": false,
            "showTimeRange": false,
            "renderIn3D": false,
            "showLegend": null,
            "legendPosition": null,
            "legendColumnCount": null,
            "startTime": null,
            "endTime": null,
            "minutesBeforeAnchorTime": 15,
            "isGlobal": true,
            "propertiesMap": null,
            "dataSeriesTemplates": null,
            "text": "sepr3",
            "textAlign": "CENTER",
            "margin": 4
        },
        {
            "widgetType": "TextWidget",
            "title": null,
            "height": 50,
            "width": 200,
            "minHeight": 0,
            "minWidth": 0,
            "x": 2366,
            "y": 859,
            "label": null,
            "description": null,
            "drillDownUrl": null,
            "useMetricBrowserAsDrillDown": false,
            "drillDownActionType": null,
            "backgroundColor": 16777215,
            "backgroundColors": null,
            "backgroundColorsStr": "16777215,16777215",
            "color": 1646891,
            "fontSize": 20,
            "useAutomaticFontSize": false,
            "borderEnabled": false,
            "borderThickness": 0,
            "borderColor": 14408667,
            "backgroundAlpha": 0,
            "showValues": false,
            "formatNumber": null,
            "numDecimals": 0,
            "removeZeros": null,
            "compactMode": false,
            "showTimeRange": false,
            "renderIn3D": false,
            "showLegend": null,
            "legendPosition": null,
            "legendColumnCount": null,
            "startTime": null,
            "endTime": null,
            "minutesBeforeAnchorTime": 15,
            "isGlobal": true,
            "propertiesMap": null,
            "dataSeriesTemplates": null,
            "text": "sepr3",
            "textAlign": "CENTER",
            "margin": 4
        },
        {
            "widgetType": "TextWidget",
            "title": null,
            "height": 50,
            "width": 200,
            "minHeight": 0,
            "minWidth": 0,
            "x": 1668,
            "y": 309,
            "label": null,
            "description": null,
            "drillDownUrl": null,
            "useMetricBrowserAsDrillDown": false,
            "drillDownActionType": null,
            "backgroundColor": 16777215,
            "backgroundColors": null,
            "backgroundColorsStr": "16777215,16777215",
            "color": 1646891,
            "fontSize": 20,
            "useAutomaticFontSize": false,
            "borderEnabled": false,
            "borderThickness": 0,
            "borderColor": 14408667,
            "backgroundAlpha": 0,
            "showValues": false,
            "formatNumber": null,
            "numDecimals": 0,
            "removeZeros": null,
            "compactMode": false,
            "showTimeRange": false,
            "renderIn3D": false,
            "showLegend": null,
            "legendPosition": null,
            "legendColumnCount": null,
            "startTime": null,
            "endTime": null,
            "minutesBeforeAnchorTime": 15,
            "isGlobal": true,
            "propertiesMap": null,
            "dataSeriesTemplates": null,
            "text": "PORT 8890",
            "textAlign": "CENTER",
            "margin": 4
        },
        {
            "widgetType": "TextWidget",
            "title": null,
            "height": 50,
            "width": 200,
            "minHeight": 0,
            "minWidth": 0,
            "x": 2290,
            "y": 10,
            "label": null,
            "description": null,
            "drillDownUrl": null,
            "useMetricBrowserAsDrillDown": false,
            "drillDownActionType": null,
            "backgroundColor": 16777215,
            "backgroundColors": null,
            "backgroundColorsStr": "16777215,16777215",
            "color": 1646891,
            "fontSize": 20,
            "useAutomaticFontSize": false,
            "borderEnabled": false,
            "borderThickness": 0,
            "borderColor": 14408667,
            "backgroundAlpha": 0,
            "showValues": false,
            "formatNumber": null,
            "numDecimals": 0,
            "removeZeros": null,
            "compactMode": false,
            "showTimeRange": false,
            "renderIn3D": false,
            "showLegend": null,
            "legendPosition": null,
            "legendColumnCount": null,
            "startTime": null,
            "endTime": null,
            "minutesBeforeAnchorTime": 15,
            "isGlobal": true,
            "propertiesMap": null,
            "dataSeriesTemplates": null,
            "text": "PORT 8890",
            "textAlign": "CENTER",
            "margin": 4
        },
        {
            "widgetType": "TextWidget",
            "title": null,
            "height": 50,
            "width": 200,
            "minHeight": 0,
            "minWidth": 0,
            "x": 2262,
            "y": 319,
            "label": null,
            "description": null,
            "drillDownUrl": null,
            "useMetricBrowserAsDrillDown": false,
            "drillDownActionType": null,
            "backgroundColor": 16777215,
            "backgroundColors": null,
            "backgroundColorsStr": "16777215,16777215",
            "color": 1646891,
            "fontSize": 20,
            "useAutomaticFontSize": false,
            "borderEnabled": false,
            "borderThickness": 0,
            "borderColor": 14408667,
            "backgroundAlpha": 0,
            "showValues": false,
            "formatNumber": null,
            "numDecimals": 0,
            "removeZeros": null,
            "compactMode": false,
            "showTimeRange": false,
            "renderIn3D": false,
            "showLegend": null,
            "legendPosition": null,
            "legendColumnCount": null,
            "startTime": null,
            "endTime": null,
            "minutesBeforeAnchorTime": 15,
            "isGlobal": true,
            "propertiesMap": null,
            "dataSeriesTemplates": null,
            "text": "PORT 8890",
            "textAlign": "CENTER",
            "margin": 4
        },
        {
            "widgetType": "TextWidget",
            "title": null,
            "height": 50,
            "width": 200,
            "minHeight": 0,
            "minWidth": 0,
            "x": 1764,
            "y": 308,
            "label": null,
            "description": null,
            "drillDownUrl": null,
            "useMetricBrowserAsDrillDown": false,
            "drillDownActionType": null,
            "backgroundColor": 16777215,
            "backgroundColors": null,
            "backgroundColorsStr": "16777215,16777215",
            "color": 1646891,
            "fontSize": 20,
            "useAutomaticFontSize": false,
            "borderEnabled": false,
            "borderThickness": 0,
            "borderColor": 14408667,
            "backgroundAlpha": 0,
            "showValues": false,
            "formatNumber": null,
            "numDecimals": 0,
            "removeZeros": null,
            "compactMode": false,
            "showTimeRange": false,
            "renderIn3D": false,
            "showLegend": null,
            "legendPosition": null,
            "legendColumnCount": null,
            "startTime": null,
            "endTime": null,
            "minutesBeforeAnchorTime": 15,
            "isGlobal": true,
            "propertiesMap": null,
            "dataSeriesTemplates": null,
            "text": "sepr2",
            "textAlign": "CENTER",
            "margin": 4
        },
        {
            "widgetType": "TextWidget",
            "title": null,
            "height": 50,
            "width": 200,
            "minHeight": 0,
            "minWidth": 0,
            "x": 1755,
            "y": 7,
            "label": null,
            "description": null,
            "drillDownUrl": null,
            "useMetricBrowserAsDrillDown": false,
            "drillDownActionType": null,
            "backgroundColor": 16777215,
            "backgroundColors": null,
            "backgroundColorsStr": "16777215,16777215",
            "color": 1646891,
            "fontSize": 20,
            "useAutomaticFontSize": false,
            "borderEnabled": false,
            "borderThickness": 0,
            "borderColor": 14408667,
            "backgroundAlpha": 0,
            "showValues": false,
            "formatNumber": null,
            "numDecimals": 0,
            "removeZeros": null,
            "compactMode": false,
            "showTimeRange": false,
            "renderIn3D": false,
            "showLegend": null,
            "legendPosition": null,
            "legendColumnCount": null,
            "startTime": null,
            "endTime": null,
            "minutesBeforeAnchorTime": 15,
            "isGlobal": true,
            "propertiesMap": null,
            "dataSeriesTemplates": null,
            "text": "sepr1",
            "textAlign": "CENTER",
            "margin": 4
        },
        {
            "widgetType": "TextWidget",
            "title": null,
            "height": 50,
            "width": 200,
            "minHeight": 0,
            "minWidth": 0,
            "x": 2384,
            "y": 7,
            "label": null,
            "description": null,
            "drillDownUrl": null,
            "useMetricBrowserAsDrillDown": false,
            "drillDownActionType": null,
            "backgroundColor": 16777215,
            "backgroundColors": null,
            "backgroundColorsStr": "16777215,16777215",
            "color": 1646891,
            "fontSize": 20,
            "useAutomaticFontSize": false,
            "borderEnabled": false,
            "borderThickness": 0,
            "borderColor": 14408667,
            "backgroundAlpha": 0,
            "showValues": false,
            "formatNumber": null,
            "numDecimals": 0,
            "removeZeros": null,
            "compactMode": false,
            "showTimeRange": false,
            "renderIn3D": false,
            "showLegend": null,
            "legendPosition": null,
            "legendColumnCount": null,
            "startTime": null,
            "endTime": null,
            "minutesBeforeAnchorTime": 15,
            "isGlobal": true,
            "propertiesMap": null,
            "dataSeriesTemplates": null,
            "text": "sepr1",
            "textAlign": "CENTER",
            "margin": 4
        },
        {
            "widgetType": "TextWidget",
            "title": null,
            "height": 50,
            "width": 200,
            "minHeight": 0,
            "minWidth": 0,
            "x": 2358,
            "y": 318,
            "label": null,
            "description": null,
            "drillDownUrl": null,
            "useMetricBrowserAsDrillDown": false,
            "drillDownActionType": null,
            "backgroundColor": 16777215,
            "backgroundColors": null,
            "backgroundColorsStr": "16777215,16777215",
            "color": 1646891,
            "fontSize": 20,
            "useAutomaticFontSize": false,
            "borderEnabled": false,
            "borderThickness": 0,
            "borderColor": 14408667,
            "backgroundAlpha": 0,
            "showValues": false,
            "formatNumber": null,
            "numDecimals": 0,
            "removeZeros": null,
            "compactMode": false,
            "showTimeRange": false,
            "renderIn3D": false,
            "showLegend": null,
            "legendPosition": null,
            "legendColumnCount": null,
            "startTime": null,
            "endTime": null,
            "minutesBeforeAnchorTime": 15,
            "isGlobal": true,
            "propertiesMap": null,
            "dataSeriesTemplates": null,
            "text": "sepr2",
            "textAlign": "CENTER",
            "margin": 4
        },
        {
            "widgetType": "GraphWidget",
            "title": null,
            "height": 290,
            "width": 604,
            "minHeight": 0,
            "minWidth": 0,
            "x": 1657,
            "y": 566,
            "label": null,
            "description": null,
            "drillDownUrl": null,
            "useMetricBrowserAsDrillDown": true,
            "drillDownActionType": null,
            "backgroundColor": 16777215,
            "backgroundColors": null,
            "backgroundColorsStr": "16777215,16777215",
            "color": 1646891,
            "fontSize": 12,
            "useAutomaticFontSize": false,
            "borderEnabled": false,
            "borderThickness": 0,
            "borderColor": 14408667,
            "backgroundAlpha": 1,
            "showValues": false,
            "formatNumber": null,
            "numDecimals": 0,
            "removeZeros": null,
            "compactMode": false,
            "showTimeRange": false,
            "renderIn3D": false,
            "showLegend": true,
            "legendPosition": "POSITION_BOTTOM",
            "legendColumnCount": 1,
            "startTime": null,
            "endTime": null,
            "minutesBeforeAnchorTime": 15,
            "isGlobal": true,
            "propertiesMap": null,
            "dataSeriesTemplates": [
                {
                    "seriesType": "LINE",
                    "metricType": "OTHER",
                    "showRawMetricName": false,
                    "colorPalette": null,
                    "name": "Series 1",
                    "metricMatchCriteriaTemplate": {
                        "entityMatchCriteria": null,
                        "metricExpressionTemplate": {
                            "metricExpressionType": "Absolute",
                            "functionType": "VALUE",
                            "displayName": "null",
                            "inputMetricText": false,
                            "inputMetricPath": null,
                            "metricPath": "Service Endpoints|Corresponsalias-WebMethods|Ports.HTTPListener@8890|Individual Nodes|fcwmsepr3|Average Response Time (ms)",
                            "scopeEntity": {
                                "applicationName": "Corresponsalias",
                                "entityType": "APPLICATION_COMPONENT_NODE",
                                "entityName": "fcwmsepr3",
                                "scopingEntityType": "APPLICATION_COMPONENT",
                                "scopingEntityName": "Corresponsalias-WebMethods",
                                "subtype": null
                            }
                        },
                        "rollupMetricData": false,
                        "expressionString": "",
                        "useActiveBaseline": false,
                        "sortResultsAscending": false,
                        "maxResults": 20,
                        "evaluationScopeType": null,
                        "baselineName": null,
                        "applicationName": "Corresponsalias",
                        "metricDisplayNameStyle": "DISPLAY_STYLE_AUTO",
                        "metricDisplayNameCustomFormat": null
                    },
                    "axisPosition": "LEFT"
                }
            ],
            "verticalAxisLabel": null,
            "hideHorizontalAxis": null,
            "horizontalAxisLabel": null,
            "axisType": "LINEAR",
            "stackMode": null,
            "multipleYAxis": null,
            "customVerticalAxisMin": null,
            "customVerticalAxisMax": null,
            "showEvents": null,
            "interpolateDataGaps": false,
            "showAllTooltips": null,
            "staticThresholdList": [],
            "eventFilterTemplate": null
        },
        {
            "widgetType": "GraphWidget",
            "title": null,
            "height": 290,
            "width": 605,
            "minHeight": 0,
            "minWidth": 0,
            "x": 2256,
            "y": 573,
            "label": null,
            "description": null,
            "drillDownUrl": null,
            "useMetricBrowserAsDrillDown": true,
            "drillDownActionType": null,
            "backgroundColor": 16777215,
            "backgroundColors": null,
            "backgroundColorsStr": "16777215,16777215",
            "color": 1646891,
            "fontSize": 12,
            "useAutomaticFontSize": false,
            "borderEnabled": false,
            "borderThickness": 0,
            "borderColor": 14408667,
            "backgroundAlpha": 1,
            "showValues": false,
            "formatNumber": null,
            "numDecimals": 0,
            "removeZeros": null,
            "compactMode": false,
            "showTimeRange": false,
            "renderIn3D": false,
            "showLegend": true,
            "legendPosition": "POSITION_BOTTOM",
            "legendColumnCount": 1,
            "startTime": null,
            "endTime": null,
            "minutesBeforeAnchorTime": 15,
            "isGlobal": true,
            "propertiesMap": null,
            "dataSeriesTemplates": [
                {
                    "seriesType": "LINE",
                    "metricType": "OTHER",
                    "showRawMetricName": false,
                    "colorPalette": null,
                    "name": "Series 1",
                    "metricMatchCriteriaTemplate": {
                        "entityMatchCriteria": null,
                        "metricExpressionTemplate": {
                            "metricExpressionType": "Absolute",
                            "functionType": "VALUE",
                            "displayName": "null",
                            "inputMetricText": false,
                            "inputMetricPath": null,
                            "metricPath": "Service Endpoints|Corresponsalias-WebMethods|Ports.HTTPListener@8890|Individual Nodes|fcwmsepr3|Calls per Minute",
                            "scopeEntity": {
                                "applicationName": "Corresponsalias",
                                "entityType": "APPLICATION_COMPONENT_NODE",
                                "entityName": "fcwmsepr3",
                                "scopingEntityType": "APPLICATION_COMPONENT",
                                "scopingEntityName": "Corresponsalias-WebMethods",
                                "subtype": null
                            }
                        },
                        "rollupMetricData": false,
                        "expressionString": "",
                        "useActiveBaseline": false,
                        "sortResultsAscending": false,
                        "maxResults": 20,
                        "evaluationScopeType": null,
                        "baselineName": null,
                        "applicationName": "Corresponsalias",
                        "metricDisplayNameStyle": "DISPLAY_STYLE_AUTO",
                        "metricDisplayNameCustomFormat": null
                    },
                    "axisPosition": "LEFT"
                }
            ],
            "verticalAxisLabel": null,
            "hideHorizontalAxis": null,
            "horizontalAxisLabel": null,
            "axisType": "LINEAR",
            "stackMode": null,
            "multipleYAxis": null,
            "customVerticalAxisMin": null,
            "customVerticalAxisMax": null,
            "showEvents": null,
            "interpolateDataGaps": false,
            "showAllTooltips": null,
            "staticThresholdList": [],
            "eventFilterTemplate": null
        },
        {
            "widgetType": "TextWidget",
            "title": null,
            "height": 50,
            "width": 200,
            "minHeight": 0,
            "minWidth": 0,
            "x": 1663,
            "y": 569,
            "label": null,
            "description": null,
            "drillDownUrl": null,
            "useMetricBrowserAsDrillDown": false,
            "drillDownActionType": null,
            "backgroundColor": 16777215,
            "backgroundColors": null,
            "backgroundColorsStr": "16777215,16777215",
            "color": 1646891,
            "fontSize": 20,
            "useAutomaticFontSize": false,
            "borderEnabled": false,
            "borderThickness": 0,
            "borderColor": 14408667,
            "backgroundAlpha": 0,
            "showValues": false,
            "formatNumber": null,
            "numDecimals": 0,
            "removeZeros": null,
            "compactMode": false,
            "showTimeRange": false,
            "renderIn3D": false,
            "showLegend": null,
            "legendPosition": null,
            "legendColumnCount": null,
            "startTime": null,
            "endTime": null,
            "minutesBeforeAnchorTime": 15,
            "isGlobal": true,
            "propertiesMap": null,
            "dataSeriesTemplates": null,
            "text": "PORT 8890",
            "textAlign": "CENTER",
            "margin": 4
        },
        {
            "widgetType": "TextWidget",
            "title": null,
            "height": 50,
            "width": 200,
            "minHeight": 0,
            "minWidth": 0,
            "x": 2278,
            "y": 614,
            "label": null,
            "description": null,
            "drillDownUrl": null,
            "useMetricBrowserAsDrillDown": false,
            "drillDownActionType": null,
            "backgroundColor": 16777215,
            "backgroundColors": null,
            "backgroundColorsStr": "16777215,16777215",
            "color": 1646891,
            "fontSize": 20,
            "useAutomaticFontSize": false,
            "borderEnabled": false,
            "borderThickness": 0,
            "borderColor": 14408667,
            "backgroundAlpha": 0,
            "showValues": false,
            "formatNumber": null,
            "numDecimals": 0,
            "removeZeros": null,
            "compactMode": false,
            "showTimeRange": false,
            "renderIn3D": false,
            "showLegend": null,
            "legendPosition": null,
            "legendColumnCount": null,
            "startTime": null,
            "endTime": null,
            "minutesBeforeAnchorTime": 15,
            "isGlobal": true,
            "propertiesMap": null,
            "dataSeriesTemplates": null,
            "text": "PORT 8890",
            "textAlign": "CENTER",
            "margin": 4
        }
    ],
    "warRoom": false,
    "template": false
}